objectid,BUSLIC_ID,BUSLIC_LOCATION_ID,BUSLIC_YEAR_NUM,BUSLIC_EXPIRATION_DATE,BUSLIC_LEGAL_NAME,BUSLIC_TRADE_NAME,BUSLIC_LOCATION_TYPE,BUSLIC_STATUS_TYPE,BUSLIC_CONTACT_NAME,BUSLIC_PHONE_NUM,BUSLIC_SIC_CODE,BUSLIC_SIC_DESC,BUSLIC_NAICS_CODE,NAICS DESC,ADDRESS,BUSLIC_DAP_ID,BUSLIC_MAF_ID,BUSLIC_CPN_ID,BUSLIC_SND_ID,BUSLIC_MAIL_ADRS_TEXT,BUSLIC_MAILING_DAP_ID,BUSLIC_MAILING_MAF_ID,BUSLIC_MAILING_CPN_ID,BUSLIC_MAILING_SND_ID,BUSLIC_SYMBOL_NUM,BUSLIC_PRKSTALL_NUM,BUSLIC_PUBPRK_FLAG,BUSLIC_OPENDATE,se_anno_cad_data,BUSLIC_BUSINESS_ID,BUSLIC_CITYACCTNUM,x,y,WKT
19366917,753420,756019,2024,12/31/2024 12:00:00 AM,TLJ TERRY LLC,TOUS LES JOURS BAKERY,HEADER QUARTER,ACTIVE,,4258027122,9999,UNCLASSIFIED ESTABLISHMENT,722515,SNACK AND NONALCOHOLIC BEVERAGE BARS ,"101 TERRY AVE N, SEATTLE, WA 98109-5225",136970,723235,,25433,"101 TERRY AVE N, SEATTLE, WA 98109-5225",,,,,99,0,N,09/12/2019,System.Byte[],841228,8412280756019,1269464.5130727,229341.510046855,POINT (-122.337533 47.618791)
19367044,769436,770520,2024,12/31/2024 12:00:00 AM,SOHO COFFEE COMPANY LLC,BROADCAST COFFEE,BRANCH,ACTIVE,BARRY FAUGHT,2063220807,9999,UNCLASSIFIED ESTABLISHMENT,722515,SNACK AND NONALCOHOLIC BEVERAGE BARS ,"2524 S JACKSON ST # UNIT 101, SEATTLE, WA 98144",150288,146061,,21598,"2524 S JACKSON ST # UNIT 101, SEATTLE, WA 98144",,,,,99,0,N,07/01/2021,System.Byte[],711990,7119900770520,1278831.71589829,222096.745879441,POINT (-122.298999 47.599429)
19367055,787115,785031,2025,12/31/2025 12:00:00 AM,SAHARM INC,EMERALD CITY SMOOTHIE,HEADER QUARTER,ACTIVE,MAZEN MAHMOUD,2065269622,9999,UNCLASSIFIED ESTABLISHMENT,722515,SNACK AND NONALCOHOLIC BEVERAGE BARS ,"13510 AURORA AVE N, SEATTLE, WA 98133-7522",28918,23553,,3906,"13510 AURORA AVE N, SEATTLE, WA 98133-7522",,,,,99,0,N,05/01/2023,System.Byte[],868790,8687900785031,1268664.60190389,268942.678983405,POINT (-122.343928 47.727293)
19367058,736376,742073,2024,12/31/2024 12:00:00 AM,CEDAR & SPOKES COFFEE LLC,CEDAR & SPOKES COFFEE,HEADER QUARTER,ACTIVE,TRACEY TUCKER,2145581997,9999,UNCLASSIFIED ESTABLISHMENT,722515,SNACK AND NONALCOHOLIC BEVERAGE BARS ,"2125 WESTERN AVE # 100, SEATTLE, WA 98121",140370,133709,,25807,"2125 WESTERN AVE # 100, SEATTLE, WA 98121",,,,,99,0,N,10/01/2018,System.Byte[],827897,8278970742073,1267346.23595053,226762.806940213,POINT (-122.345915 47.611609)
19367202,747480,750773,2025,12/31/2025 12:00:00 AM,LNH CAFE & TEAHOUSE,KIKI CAFE & TEAHOUSE,HEADER QUARTER,ACTIVE,,4697812722,9999,UNCLASSIFIED ESTABLISHMENT,722515,SNACK AND NONALCOHOLIC BEVERAGE BARS ,"4708 11TH AVE NE, SEATTLE, WA 98105-4610",93363,707655,,13467,"23631 43RD DR SE, BOTHELL, WA 98021-9156",,,,,99,0,N,09/01/2018,System.Byte[],836225,8362250750773,1275061.25112644,245537.908911437,POINT (-122.31611 47.663483)
19367472,760373,762188,2024,12/31/2024 12:00:00 AM,VITA COFFEE LLC,CAFFE VITA & CAFFE FIORE,HEADER QUARTER,ACTIVE,DARIN GRANGER,3017122132,9999,UNCLASSIFIED ESTABLISHMENT,722515,SNACK AND NONALCOHOLIC BEVERAGE BARS ,"224 W GALER ST, SEATTLE, WA 98119-3066",616013,119587,,17878,"1005 E PIKE ST, SEATTLE, WA 98122",,,,,99,0,N,01/01/2020,System.Byte[],847042,8470420762188,1263852.19204295,234455.938212097,POINT (-122.360697 47.632506)
19367731,605427,647222,2024,12/31/2024 12:00:00 AM,CHAEYOUNG INC,ESPRESSO BY DESIGN,HEADER QUARTER,ACTIVE,HYAE CHUNG,2067681061,9999,UNCLASSIFIED ESTABLISHMENT,722515,SNACK AND NONALCOHOLIC BEVERAGE BARS ,"511 S MEAD ST, SEATTLE, WA 98108",185271,176867,0.0,32025,"511 S MEAD ST, SEATTLE, WA 98108",185271.0,176867.0,0.0,32025.0,99,0,N,05/02/2011,System.Byte[],737308,7373080647222,1271357.37502664,204556.328069478,POINT (-122.327908 47.550957)
19368439,667785,691247,2024,12/31/2024 12:00:00 AM,MOORE COFFEE LLC,MOORE COFFEE LLC,HEADER QUARTER,ACTIVE,FRITZI CHAVEZ,2067242333,9999,UNCLASSIFIED ESTABLISHMENT,722515,SNACK AND NONALCOHOLIC BEVERAGE BARS ,"1930 2ND AVE, SEATTLE, WA 98101-1102",140668,134341,,25816,"1930 2ND AVE, SEATTLE, WA 98101-1102",,,,,99,0,N,01/15/2015,System.Byte[],779128,7791280691247,1268523.79396774,226719.774876177,POINT (-122.341139 47.611554)
19368788,797905,794087,2024,12/31/2024 12:00:00 AM,LEDINH & NGUYENYINN LLC,THE ALLEY,HEADER QUARTER,ACTIVE,TRANG DINH,9167539805,9999,UNCLASSIFIED ESTABLISHMENT,722515,SNACK AND NONALCOHOLIC BEVERAGE BARS ,"913 S JACKSON ST # B, SEATTLE, WA 98104-5165",149117,144830,,21570,"913 S JACKSON ST # B, SEATTLE, WA 98104-5165",,,,,99,0,N,07/01/2024,System.Byte[],877303,8773030794087,1273554.74309289,222000.863127336,POINT (-122.320377 47.598888)
19368791,785663,783824,2024,12/31/2024 12:00:00 AM,MAYLYNA LLC,COMAY BISTRO,HEADER QUARTER,ACTIVE,ANH LE,2063517553,9999,UNCLASSIFIED ESTABLISHMENT,722515,SNACK AND NONALCOHOLIC BEVERAGE BARS ,"1823 EASTLAKE AVE E, SEATTLE, WA 98102-3746",129111,121062,,17700,"2124 NE 16TH ST, RENTON, WA 98056-2755",,,,,99,0,N,05/01/2023,System.Byte[],867631,8676310783824,1272493.1223558,235446.02435711,POINT (-122.325735 47.635685)
19369154,445232,530568,2024,12/31/2024 12:00:00 AM,DISCOVERY BUZZ STOP INC,DISCOVERY ESPRESSO & JUICE,HEADER QUARTER,ACTIVE,HANA MACHACKOVA,2062861481,9999,UNCLASSIFIED ESTABLISHMENT,722515,SNACK AND NONALCOHOLIC BEVERAGE BARS ,"3103 W JAMESON ST, SEATTLE, WA 98199",95652,87989,0.0,15618,"3103 W JAMESON ST, SEATTLE, WA 98199",95652.0,87989.0,0.0,15618.0,99,0,N,07/20/1999,System.Byte[],527976,5279760530568,1254846.45712173,244618.752942502,POINT (-122.398052 47.659866)
19369275,745718,749340,2024,12/31/2024 12:00:00 AM,THE STATION COFFEE SHOP LLC,THE STATION COFFEE SHOP,HEADER QUARTER,ACTIVE,LEONA RODRIGUEZ,2062717302,9999,UNCLASSIFIED ESTABLISHMENT,722515,SNACK AND NONALCOHOLIC BEVERAGE BARS ,"1600 S ROBERTO MAESTAS FESTIVA ST, SEATTLE, WA 98144",675917,701635,,29091,"1600 S ROBERTO MAESTAS FESTIVA ST, SEATTLE, WA 98144",,,,,99,0,N,01/01/2018,System.Byte[],834859,8348590749340,1275559.50008695,214973.765520141,POINT (-122.311705 47.579733)
19369343,751724,754471,2024,12/31/2024 12:00:00 AM,SEA LEVEL COFFEE INC,OLYMPIA COFFEE ROASTING CO.,HEADER QUARTER,ACTIVE,SCHROEDER ANDREW,3607530066,9999,UNCLASSIFIED ESTABLISHMENT,722515,SNACK AND NONALCOHOLIC BEVERAGE BARS ,"3840 CALIFORNIA AVE SW, SEATTLE, WA 98116",697139,696256,,27527,"PO BOX 7, OLYMPIA, WA 98507",,,,,99,0,N,01/31/2018,System.Byte[],839749,8397490754471,1257021.75005196,211568.296844661,POINT (-122.38652 47.569398)
19369362,776897,776580,2022,12/31/2022 12:00:00 AM,BLUE MOON ENTERTAINMENT LLC,MOONLIGHT HOOKAH LOUNGE,HEADER QUARTER,ACTIVE,ALLEN JAHANI,4258911122,9999,UNCLASSIFIED ESTABLISHMENT,722515,SNACK AND NONALCOHOLIC BEVERAGE BARS ,"110 N 36TH ST, SEATTLE, WA 98103-8634",105745,98034,,11297,"110 N 36TH ST, SEATTLE, WA 98103-8634",,,,,99,0,N,01/08/2022,System.Byte[],860721,8607210776580,1264930.16810806,241938.592939764,POINT (-122.356926 47.653075)
19369793,776164,775973,2024,12/31/2024 12:00:00 AM,MONORAIL COFFEE LLC,MONORAIL ESPRESSO,BRANCH,ACTIVE,AIMEE PECK,2063690842,9999,UNCLASSIFIED ESTABLISHMENT,722515,SNACK AND NONALCOHOLIC BEVERAGE BARS ,"1411 4TH AVE # C, SEATTLE, WA 98101-2249",143721,138153,,25882,"1411 4TH AVE # C, SEATTLE, WA 98101-2249",,,,,99,0,N,04/04/2022,System.Byte[],752215,7522150775973,1269713.88600096,225846.744475275,POINT (-122.336246 47.609225)
19370102,756018,758268,2024,12/31/2024 12:00:00 AM,CAFFE UMBRIA INC,CAFFE UMBRIA INC,BRANCH,ACTIVE,JESSE SWEENEY,2067625300,9999,UNCLASSIFIED ESTABLISHMENT,722515,SNACK AND NONALCOHOLIC BEVERAGE BARS ,"1201 WESTLAKE AVE N, SEATTLE, WA 98109",133307,688276,,18135,"8620 16TH AVE S, SEATTLE, WA 98108",205859.0,194414.0,0.0,33728.0,99,0,N,10/01/2017,System.Byte[],547961,5479610758268,1268589.15307181,233455.605923072,POINT (-122.341409 47.630021)
19370146,769889,770916,2024,12/31/2024 12:00:00 AM,VITA COFFEE LLC,CAFFE VITA & CAFFE FIORE,BRANCH,ACTIVE,DARIN GRANGER,2067094440,9999,UNCLASSIFIED ESTABLISHMENT,722515,SNACK AND NONALCOHOLIC BEVERAGE BARS ,"472 1ST AVE N # 100, SEATTLE, WA 98109-4721",659777,660415,,25214,"1005 E PIKE ST, SEATTLE, WA 98122-3818",,,,,99,0,N,09/01/2021,System.Byte[],847042,8470420770916,1265164.21790029,230905.298592463,POINT (-122.355092 47.622845)
19370209,752203,754924,2022,12/31/2022 12:00:00 AM,SHILSHOLE SHOPS LLC,JIBE CAFE,HEADER QUARTER,ACTIVE,,2069318217,9999,UNCLASSIFIED ESTABLISHMENT,722515,SNACK AND NONALCOHOLIC BEVERAGE BARS ,"7001 SEAVIEW AVE NW # 170, SEATTLE, WA 98117-6021",72233,63737,,8967,"7001 SEAVIEW AVE NW # 170, SEATTLE, WA 98117-6021",,,,,99,0,N,10/10/2019,System.Byte[],840189,8401890754924,1253091.24611193,252007.143094063,POINT (-122.405786 47.680019)
19370906,768230,769458,2022,12/31/2022 12:00:00 AM,GREEN ESSENCE CORP,NEKTER JUICE BAR,HEADER QUARTER,ACTIVE,LAURA MILLER,2535698941,9999,UNCLASSIFIED ESTABLISHMENT,722515,SNACK AND NONALCOHOLIC BEVERAGE BARS ,"118 BROADWAY E, SEATTLE, WA 98102-5712",138144,130997,,20055,"2427 NW 59TH ST # 101, SEATTLE, WA 98107-3559",,,,,99,0,N,07/16/2021,System.Byte[],853904,8539040769458,1273685.75006902,229417.343646944,POINT (-122.320427 47.619224)
19370954,776270,776070,2023,12/31/2023 12:00:00 AM,HARUETLE LLC,ONE BITE CAFE,HEADER QUARTER,ACTIVE,JAMES SHIN,2065565439,9999,UNCLASSIFIED ESTABLISHMENT,722515,SNACK AND NONALCOHOLIC BEVERAGE BARS ,"1026 NE 65TH ST # A102, SEATTLE, WA 98115-6669",79131,70749,,12463,"17413 52ND AVE W, LYNNWOOD, WA 98037",,,,,99,0,N,04/01/2022,System.Byte[],860221,8602210776070,1275093.63000646,250111.291060135,POINT (-122.316336 47.67602)
19371078,744095,748083,2024,12/31/2024 12:00:00 AM,VAMMEN HOLDINGS INC,EASTLAKE COFFEE CAFE,HEADER QUARTER,ACTIVE,CHRISTOPHER VAMMEN,2062767014,9999,UNCLASSIFIED ESTABLISHMENT,722515,SNACK AND NONALCOHOLIC BEVERAGE BARS ,"2245 EASTLAKE AVE E # C-1, SEATTLE, WA 98102-3294",128894,120777,,17378,"PO BOX 9942, SEATTLE, WA 98109-0942",,,,,99,0,N,03/20/2019,System.Byte[],833659,8336590748083,1272413.06603572,236873.963942572,POINT (-122.326172 47.639595)
19371413,799167,795129,2024,12/31/2024 12:00:00 AM,EKATERINA EGOROVA LLC,EKATERINA EGOROVA LLC,HEADER QUARTER,ACTIVE,EKATERINA EGOROVA,2539214024,9999,UNCLASSIFIED ESTABLISHMENT,722515,SNACK AND NONALCOHOLIC BEVERAGE BARS ,"3225 BENTON PL SW # 404, SEATTLE, WA 98116-2661",173196,165976,,27119,"3225 BENTON PL SW # 404, SEATTLE, WA 98116-2661",,,,,99,0,N,09/08/2024,System.Byte[],878289,8782890795129,1249201.12105195,213875.156879023,POINT (-122.418387 47.575284)
19371439,767383,768654,2024,12/31/2024 12:00:00 AM,MICHELLES BUBBLE TEA INC,SHARETEA,HEADER QUARTER,ACTIVE,KI CHUNG,4258907964,9999,UNCLASSIFIED ESTABLISHMENT,722515,SNACK AND NONALCOHOLIC BEVERAGE BARS ,"4740 42ND AVE SW, SEATTLE, WA 98116-4553",176801,600894,,28012,"301 CHELAN PL NE UNIT 3, RENTON, WA 98059-5273",,,,,99,0,N,05/20/2021,System.Byte[],853141,8531410768654,1257341.18506029,208222.131081238,POINT (-122.384953 47.560244)
19371554,760377,762192,2024,12/31/2024 12:00:00 AM,VITA COFFEE LLC,CAFFE VITA & CAFFE FIORE,BRANCH,ACTIVE,DARIN GRANGER,2069223117,9999,UNCLASSIFIED ESTABLISHMENT,722515,SNACK AND NONALCOHOLIC BEVERAGE BARS ,"3125 NW 85TH ST, SEATTLE, WA 98117-3930",62777,428657,,7826,"1005 E PIKE ST, SEATTLE, WA 98122",,,,,99,0,N,01/01/2020,System.Byte[],847042,8470420762192,1255095.23408198,255768.675001919,POINT (-122.397963 47.690441)
19371968,769638,770700,2024,12/31/2024 12:00:00 AM,PUFFTOWN CROISSANTS,PUFFTOWN BAKEHOUSE,HEADER QUARTER,ACTIVE,DANIEL DURAND,2068562244,9999,UNCLASSIFIED ESTABLISHMENT,722515,SNACK AND NONALCOHOLIC BEVERAGE BARS ,"2134 WESTERN AVE # 304, SEATTLE, WA 98121-4084",140435,133768,,25807,"2134 WESTERN AVE # 304, SEATTLE, WA 98121-4084",,,,,99,0,N,07/21/2021,System.Byte[],855114,8551140770700,1267467.70513466,226872.881820336,POINT (-122.345432 47.611917)
19371972,546459,604444,2024,12/31/2024 12:00:00 AM,SEVEN COFFEE ROASTERS INC,BOULEVARD GROCERY,HEADER QUARTER,ACTIVE,SEAN LEE,2062410650,9999,UNCLASSIFIED ESTABLISHMENT,722515,SNACK AND NONALCOHOLIC BEVERAGE BARS ,"2007 NE RAVENNA BLVD, SEATTLE, WA 98105-2402",114193,106201,,13072,"11846 DES MOINES MEMORIAL DR S, SEATTLE, WA 98168-1243",,,,,99,0,N,01/01/2007,System.Byte[],597006,5970060604444,1277522.71903296,247535.919025496,POINT (-122.306278 47.669089)
19372135,660858,685987,2024,12/31/2024 12:00:00 AM,MORSEL LLC,MORSEL,HEADER QUARTER,ACTIVE,KEKOA KAZUO HIDANO,2062680154,9999,UNCLASSIFIED ESTABLISHMENT,722515,SNACK AND NONALCOHOLIC BEVERAGE BARS ,"5000 UNIVERSITY WAY NE # D, SEATTLE, WA 98105-4673",93220,85529,,13358,"5000 UNIVERSITY WAY NE # D, SEATTLE, WA 98105-4673",,,,,99,0,N,10/01/2014,System.Byte[],774051,7740510685987,1275886.39211927,246085.857968003,POINT (-122.312804 47.665028)
19372294,735200,741264,2024,12/31/2024 12:00:00 AM,IOWH LLC,SUGAR + SPOON,HEADER QUARTER,ACTIVE,WH SHARES LLC,4256148505,9999,UNCLASSIFIED ESTABLISHMENT,722515,SNACK AND NONALCOHOLIC BEVERAGE BARS ,"8236 MERIDIAN AVE N, SEATTLE, WA 98103",709721,60712,,8009,"8236 MERIDIAN AVE N, SEATTLE, WA 98103",,,,,99,0,N,07/01/2018,System.Byte[],827126,8271260741264,1271095.37489837,255229.484473363,POINT (-122.332967 47.689836)
19372304,789364,786838,2024,12/31/2024 12:00:00 AM,QED COFFEE LLC,QED COFFEE ROASTERS,BRANCH,ACTIVE,MATT GREENFIELD,2066696430,9999,UNCLASSIFIED ESTABLISHMENT,722515,SNACK AND NONALCOHOLIC BEVERAGE BARS ,"6080 35TH AVE SW, SEATTLE, WA 98126-3062",662358,738957,,32174,"6080 35TH AVE SW, SEATTLE, WA 98126-3062",,,,,99,0,N,09/01/2023,System.Byte[],779345,7793450786838,1259429.56906243,203258.589060158,POINT (-122.376094 47.546754)
19372439,792555,789490,2024,12/31/2024 12:00:00 AM,COMMUNITEA HOUSE LLC.,COMMUNITEA HOUSE,HEADER QUARTER,ACTIVE,JEREMY SMITH,2312458364,9999,UNCLASSIFIED ESTABLISHMENT,722515,SNACK AND NONALCOHOLIC BEVERAGE BARS ,"5070 23RD AVE SW, SEATTLE, WA 98106-1395",607684,608273,,31854,"5070 23RD AVE SW, SEATTLE, WA 98106-1395",,,,,99,0,N,08/01/2024,System.Byte[],872959,8729590789490,1263236.89476232,206548.568967521,POINT (-122.360945 47.55598)
19372504,777127,776762,2022,12/31/2022 12:00:00 AM,FRUITFULL CAFE LLC,FRUITFULL CAFE,HEADER QUARTER,ACTIVE,HUGO SANCHEZ GARCIA,5093120519,9999,UNCLASSIFIED ESTABLISHMENT,722515,SNACK AND NONALCOHOLIC BEVERAGE BARS ,"8909 14TH AVE S, SEATTLE, WA 98108-4818",211730,199316,,33969,"5900 37TH AVE S, SEATTLE, WA 98118-6204",,,,,99,0,N,05/15/2022,System.Byte[],860891,8608910776762,1274266.78994162,194504.510075182,POINT (-122.315345 47.523559)
19372767,746248,749795,2024,12/31/2024 12:00:00 AM,GAUDET DANIELLE A & GAUDET TAVIS L,WEST SEATTLE GROUNDS,HEADER QUARTER,ACTIVE,TAVIS GAUDET,2062354556,9999,UNCLASSIFIED ESTABLISHMENT,722515,SNACK AND NONALCOHOLIC BEVERAGE BARS ,"2141 CALIFORNIA AVE SW, SEATTLE, WA 98116-2163",153820,149326,,26652,"2141 CALIFORNIA AVE SW, SEATTLE, WA 98116-2163",,,,,99,0,N,09/27/2018,System.Byte[],835304,8353040749795,1257085.01098002,216950.30209817,POINT (-122.386704 47.584153)
19372904,781346,780205,2024,12/31/2024 12:00:00 AM,XING FU TANG LLC,XING FU TANG,HEADER QUARTER,ACTIVE,TRAN PHAN,2067658069,9999,UNCLASSIFIED ESTABLISHMENT,722515,SNACK AND NONALCOHOLIC BEVERAGE BARS ,"1905 4TH AVE, SEATTLE, WA 98101-1106",140656,134287,,25765,"1905 4TH AVE, SEATTLE, WA 98101-1106",,,,,99,0,N,09/12/2022,System.Byte[],864158,8641580780205,1268929.91697615,226931.524508387,POINT (-122.339509 47.612157)
19372945,696419,711591,2024,12/31/2024 12:00:00 AM,JUNG GWANGHO,MIDTOWN ESPRESSO,HEADER QUARTER,ACTIVE,MI JUNG,2064439070,9999,UNCLASSIFIED ESTABLISHMENT,722515,SNACK AND NONALCOHOLIC BEVERAGE BARS ,"2133 5TH AVE # A, SEATTLE, WA 98121-2569",140527,133963,,25664,"2133 5TH AVE # A, SEATTLE, WA 98121-2569",,,,,99,0,N,08/16/2016,System.Byte[],798705,7987050711591,1268365.33508757,227965.373085454,POINT (-122.34188 47.61496)
19373331,731216,738234,2024,12/31/2024 12:00:00 AM,MONORAIL COFFEE LLC,MONORAIL COFFEE,BRANCH,ACTIVE,AIMEE PECK,2063690842,9999,UNCLASSIFIED ESTABLISHMENT,722515,SNACK AND NONALCOHOLIC BEVERAGE BARS ,"2120 WESTLAKE AVE, SEATTLE, WA 98121",140455,133807,,25556,"2120 WESTLAKE AVE, SEATTLE, WA 98121",,,,,99,0,N,03/12/2018,System.Byte[],752215,7522150738234,1269342.24952057,228858.989982367,POINT (-122.337991 47.617462)
19373346,761009,704223,2024,12/31/2024 12:00:00 AM,FAINTING GOAT CREAMERY INC,FAINTING GOAT GELATO,BRANCH,ACTIVE,SEVIM ATAMAN,2062575267,9999,UNCLASSIFIED ESTABLISHMENT,722515,SNACK AND NONALCOHOLIC BEVERAGE BARS ,"3415 FREMONT AVE N # A, SEATTLE, WA 98103-8811",106624,99010,,11459,"3415 FREMONT AVE N # A, SEATTLE, WA 98103-8811",,,,,99,0,N,03/09/2020,System.Byte[],715374,7153740704223,1266584.70788576,240853.729962647,POINT (-122.350128 47.650191)
19373356,574922,625299,2024,12/31/2024 12:00:00 AM,FULL TILT COLUMBIA CITY,FULL TILT COLUMBIA CITY,HEADER QUARTER,ACTIVE,LENORE SHARP,2067674811,9999,UNCLASSIFIED ESTABLISHMENT,722515,SNACK AND NONALCOHOLIC BEVERAGE BARS ,"5101 RAINIER AVE S # 105, SEATTLE, WA 98118",180476,172291,,30944,"4255 S SPENCER ST, SEATTLE, WA 98118-2731",,,,,99,0,N,06/01/2009,System.Byte[],716749,7167490625299,1282250.71007779,206180.729991138,POINT (-122.283928 47.555981)
19373385,775432,775376,2023,12/31/2023 12:00:00 AM,A CHAU CAFE LLC,A CHAU ACFE,HEADER QUARTER,ACTIVE,TATSIN HIN,2063698126,9999,UNCLASSIFIED ESTABLISHMENT,722515,SNACK AND NONALCOHOLIC BEVERAGE BARS ,"6902 RAINIER AVE S, SEATTLE, WA 98118-3635",194441,185078,,35020,"6902 RAINIER AVE S, SEATTLE, WA 98118-3635",,,,,99,0,N,01/01/2022,System.Byte[],859547,8595470775376,1285291.12505691,200499.515521318,POINT (-122.271187 47.540565)
19373393,695788,711129,2025,12/31/2025 12:00:00 AM,POPS POPCORN,POPS POPCORN,HEADER QUARTER,ACTIVE,ALAN BRANDON,2067816518,9999,UNCLASSIFIED ESTABLISHMENT,722515,SNACK AND NONALCOHOLIC BEVERAGE BARS ,"7035 26TH AVE NW, SEATTLE, WA 98117-5851",72975,64443,,8709,"7035 26TH AVE NW, SEATTLE, WA 98117-5851",,,,,99,0,N,08/17/2016,System.Byte[],798270,7982700711129,1256974.0518759,252100.277942166,POINT (-122.390035 47.680491)
19373397,788554,786200,2024,12/31/2024 12:00:00 AM,QED COFFEE LLC,QED COFFEE ROASTERS,BRANCH,ACTIVE,MATT GREENFIELD,2066696430,9999,UNCLASSIFIED ESTABLISHMENT,722515,SNACK AND NONALCOHOLIC BEVERAGE BARS ,"512 BROADWAY, SEATTLE, WA 98122-5329",755835,139726,,21051,"3809 SW GRAHAM ST, SEATTLE, WA 98126-3035",,,,,99,0,N,01/01/2023,System.Byte[],779345,7793450786200,1273603.39358895,224805.55561021,POINT (-122.320399 47.606579)
19373496,768946,770081,2024,12/31/2024 12:00:00 AM,ANCHORHEAD COFFEE PIKE PLACE LLC,ANCHORHEAD COFFEE,HEADER QUARTER,ACTIVE,MIKE STEINER,2069636237,9999,UNCLASSIFIED ESTABLISHMENT,722515,SNACK AND NONALCOHOLIC BEVERAGE BARS ,"2003 WESTERN AVE, SEATTLE, WA 98121-2161",140445,134459,,25840,"2003 WESTERN AVE, SEATTLE, WA 98121-2161",,,,,99,0,N,08/08/2020,System.Byte[],854510,8545100770081,1267601.12491079,226471.562395915,POINT (-122.344859 47.610824)
19373500,767879,769125,2024,12/31/2024 12:00:00 AM,STARBUCKS CORPORATION,STARBUCKS COFFEE 348,BRANCH,ACTIVE,ZHANG WEI,2063188705,9999,UNCLASSIFIED ESTABLISHMENT,722515,SNACK AND NONALCOHOLIC BEVERAGE BARS ,"3300 W MCGRAW ST, SEATTLE, WA 98199-3246",119153,111249,,17101,"3300 W MCGRAW ST, SEATTLE, WA 98199-3246",,,,,99,0,N,04/26/2021,System.Byte[],105444,1054440769125,1254226.9732171,237339.87984705,POINT (-122.399965 47.639881)
19373529,784752,783064,2024,12/31/2024 12:00:00 AM,THE LEEKY FIG LLC,THE LEEKY FIG,HEADER QUARTER,ACTIVE,SIMONE SELLERS,3072142926,9999,UNCLASSIFIED ESTABLISHMENT,722515,SNACK AND NONALCOHOLIC BEVERAGE BARS ,"165 S MAIN ST, SEATTLE, WA 98104-2571",148721,468138,,26194,"5600 CALIFORNIA AVE SW, SEATTLE, WA 98136-1550",,,,,99,0,N,04/22/2023,System.Byte[],866905,8669050783064,1270576.24990584,222324.140695676,POINT (-122.332472 47.599616)
19373565,627649,662991,2024,12/31/2024 12:00:00 AM,MONORAIL COFFEE LLC,MONORAIL ESPRESSO,HEADER QUARTER,ACTIVE,AIMEE PECK,2066679352,9999,UNCLASSIFIED ESTABLISHMENT,722515,SNACK AND NONALCOHOLIC BEVERAGE BARS ,"510 PIKE ST, SEATTLE, WA 98101-2316",140699,134457,,25830,"510 PIKE ST ST, SEATTLE, WA 98101",140699.0,134457.0,0.0,25830.0,99,0,N,10/01/2012,System.Byte[],752215,7522150662991,1269913.01892915,226502.311067954,POINT (-122.33549 47.611033)
19373755,744326,748253,2022,12/31/2022 12:00:00 AM,JAVA JAZZ ESPRESSO LLC,JAVA JAZZ ESPRESSO LLC,HEADER QUARTER,ACTIVE,,2064982177,9999,UNCLASSIFIED ESTABLISHMENT,722515,SNACK AND NONALCOHOLIC BEVERAGE BARS ,"3457 15TH AVE W, SEATTLE, WA 98119-1601",630125,432577,,16144,"1259 NW 191ST ST, SHORELINE, WA 98177-2735",,,,,99,0,N,07/01/2018,System.Byte[],833824,8338240748253,1260079.24099909,241605.56407541,POINT (-122.376577 47.651897)
19374601,790332,787644,2024,12/31/2024 12:00:00 AM,ACRAVENNA 001 LLC,AROSA CAFE,HEADER QUARTER,ACTIVE,ADRIANA HURTADO RIVAS,2063028077,9999,UNCLASSIFIED ESTABLISHMENT,722515,SNACK AND NONALCOHOLIC BEVERAGE BARS ,"5600 ROOSEVELT WAY NE, SEATTLE, WA 98105-2738",86708,78845,,13014,"6135 145TH PL SE, BELLEVUE, WA 98006-4330",,,,,99,0,N,10/01/2023,System.Byte[],871245,8712450787644,1274868.93189423,247766.622897729,POINT (-122.317064 47.669581)
19374933,762011,763645,2022,12/31/2022 12:00:00 AM,PMQ & SONS CORPORATION,BOBA SMOOTHIES,HEADER QUARTER,ACTIVE,PARVEEN QURESHI,4252141267,9999,UNCLASSIFIED ESTABLISHMENT,722515,SNACK AND NONALCOHOLIC BEVERAGE BARS ,"1409 NE 45TH ST, SEATTLE, WA 98105-4504",100481,92921,,13589,"1409 NE 45TH ST, SEATTLE, WA 98105-4504",,,,,99,0,N,02/01/2020,System.Byte[],848401,8484010763645,1275847.53592724,244659.156910539,POINT (-122.312851 47.661115)
19375245,791166,788353,2024,12/31/2024 12:00:00 AM,PETKE LISA A,CAFE CHE CHE,HEADER QUARTER,ACTIVE,LISA PETKE,2065956257,9999,UNCLASSIFIED ESTABLISHMENT,722515,SNACK AND NONALCOHOLIC BEVERAGE BARS ,"4835 S JUNEAU ST, SEATTLE, WA 98118-2847",188222,179501,,31428,"4835 S JUNEAU ST, SEATTLE, WA 98118-2847",,,,,99,0,N,05/05/2020,System.Byte[],871910,8719100788353,1285370.64992099,203756.850052655,POINT (-122.271112 47.549497)
19375246,565466,618134,2024,12/31/2024 12:00:00 AM,FS SEATTLE BEVERAGE LTD,FS SEATTLE BEVERAGE LTD,HEADER QUARTER,ACTIVE,SARAH COHEN,2064470900,9999,UNCLASSIFIED ESTABLISHMENT,722515,SNACK AND NONALCOHOLIC BEVERAGE BARS ,"99 UNION ST, SEATTLE, WA 98101",143778,637644,,25930,"99 UNION ST, SEATTLE, WA 98101",,,,,99,0,N,09/01/2008,System.Byte[],710167,7101670618134,1268974.8019682,225200.851098612,POINT (-122.33919 47.607415)
19375388,780424,779441,2024,12/31/2024 12:00:00 AM,SOCIAL TEA CAPITOL HILL,SOCIAL TEA CAPITOL HILL,HEADER QUARTER,ACTIVE,SAE CHO,4254667515,9999,UNCLASSIFIED ESTABLISHMENT,722515,SNACK AND NONALCOHOLIC BEVERAGE BARS ,"1212 PINE ST, SEATTLE, WA 98101-1932",141136,756041,,20373,"11453 79TH WAY NE, KIRKLAND, WA 98034-5849",,,,,99,0,N,02/01/2023,System.Byte[],863441,8634410779441,1271658.86315495,228021.68770951,POINT (-122.328534 47.615291)
19375476,648242,677056,2024,12/31/2024 12:00:00 AM,STORYVILLE COFFEE COMPANY LLC,STORYVILLE COFFEE COMPANY LLC,HEADER QUARTER,ACTIVE,JON PHELPS,2067805777,9999,UNCLASSIFIED ESTABLISHMENT,722515,SNACK AND NONALCOHOLIC BEVERAGE BARS ,"1001 1ST AVE, SEATTLE, WA 98104-1007",143829,138626,,26034,"9459 COPPERTOP LOOP NE, SEATTLE, WA 98110-3647",,,,,99,0,N,01/23/2014,System.Byte[],765577,7655770677056,1269546.56516878,224234.770073622,POINT (-122.336796 47.604798)
19375487,783974,782445,2024,12/31/2024 12:00:00 AM,SYS ZEIN LLC,SALT & SUGAR CAFE AND BAKERY,HEADER QUARTER,ACTIVE,SAMIR ZEINEDDINE,2067081366,9999,UNCLASSIFIED ESTABLISHMENT,722515,SNACK AND NONALCOHOLIC BEVERAGE BARS ,"5615 24TH AVE NW # 102, SEATTLE, WA 98107-4156",81069,72743,,9747,"5615 24TH AVE NW # 102, SEATTLE, WA 98107-4156",,,,,99,0,N,03/01/2017,System.Byte[],866305,8663050782445,1257373.03299631,248241.207986206,POINT (-122.388099 47.669935)
19375500,741715,746065,2022,12/31/2022 12:00:00 AM,RC POPCORN LLC,COBBS,HEADER QUARTER,ACTIVE,,4254453171,9999,UNCLASSIFIED ESTABLISHMENT,722515,SNACK AND NONALCOHOLIC BEVERAGE BARS ,"1500 WESTERN AVE, SEATTLE, WA 98101-1522",143732,138250,,25908,"1500 WESTERN AVE, SEATTLE, WA 98101-1522",,,,,99,0,N,01/01/2019,System.Byte[],831720,8317200746065,1268491.8751197,225718.375067145,POINT (-122.341188 47.608808)
19375774,790801,788038,2024,12/31/2024 12:00:00 AM,BANSEOK LLC,ALKI ICE CREAM & BUBBLE TEA,HEADER QUARTER,ACTIVE,YOUNG H KWON,2063496233,9999,UNCLASSIFIED ESTABLISHMENT,722515,SNACK AND NONALCOHOLIC BEVERAGE BARS ,"2622 ALKI AVE SW, SEATTLE, WA 98116-4726",171837,164728,,26831,"2622 ALKI AVE SW, SEATTLE, WA 98116-4726",,,,,99,0,N,05/05/2023,System.Byte[],871624,8716240788038,1251940.69097476,215563.418000758,POINT (-122.40743 47.580065)
19375829,776625,776352,2023,12/31/2023 12:00:00 AM,BOBALUST UW LLC,BOBALUST,HEADER QUARTER,ACTIVE,MAXINE WONG,2062182891,9999,UNCLASSIFIED ESTABLISHMENT,722515,SNACK AND NONALCOHOLIC BEVERAGE BARS ,"4553 UNIVERSITY WAY NE, SEATTLE, WA 98105-4510",93398,85772,,13586,"5818 RAINIER AVE S, SEATTLE, WA 98118-2706",,,,,99,0,N,05/01/2022,System.Byte[],860499,8604990776352,1275723.01701511,245272.631983176,POINT (-122.313404 47.66279)
19375857,750398,753297,2024,12/31/2024 12:00:00 AM,JOE & THE JUICE NEW YORK LLC,JOE & THE JUICE,BRANCH,ACTIVE,,4698775976,9999,UNCLASSIFIED ESTABLISHMENT,722515,SNACK AND NONALCOHOLIC BEVERAGE BARS ,"2121 8TH AVE, SEATTLE, WA 98121",140738,134487,0.0,25557,"110 GREENE ST STE 702, NEW YORK, NY 10012-3838",,,,,99,0,N,07/08/2019,System.Byte[],838394,8383940753297,1269208.42270444,228520.871838018,POINT (-122.338506 47.616528)
19375932,793496,790339,2024,12/31/2024 12:00:00 AM,BPC SLU 02 LLC,BPC SLU 2.0,HEADER QUARTER,ACTIVE,ES RESTAURANT GROUP ES RESTAURANT GROUP,2065880030,9999,UNCLASSIFIED ESTABLISHMENT,722515,SNACK AND NONALCOHOLIC BEVERAGE BARS ,"2121 6TH AVE, SEATTLE, WA 98121-2933",140764,631685,,25630,"2622 NW MARKET ST # A, SEATTLE, WA 98107-4106",,,,,99,0,N,09/25/2023,System.Byte[],873775,8737750790339,1268730.09617595,228084.855197579,POINT (-122.340411 47.615307)
19375978,765655,767031,2022,12/31/2022 12:00:00 AM,JL&CHA LLC,CAN'T HOT,HEADER QUARTER,ACTIVE,JIALIN CHEN,3127990076,9999,UNCLASSIFIED ESTABLISHMENT,722515,SNACK AND NONALCOHOLIC BEVERAGE BARS ,"523 MAYNARD AVE S, SEATTLE, WA 98104-2918",148795,144345,,26284,"523 MAYNARD AVE S, SEATTLE, WA 98104-2918",,,,,99,0,N,01/01/2021,System.Byte[],851596,8515960767031,1272315.24997161,221586.406294912,POINT (-122.325367 47.597687)
19376135,796792,727771,2024,12/31/2024 12:00:00 AM,PJS CLASSIC HOMEMADE ICE CREAM & BON BONS,PJS CLASSIC HOMEMADE ICE CREAM & BON BONS,HEADER QUARTER,ACTIVE,DANIELLE FORBES,3235596968,9999,UNCLASSIFIED ESTABLISHMENT,722515,SNACK AND NONALCOHOLIC BEVERAGE BARS ,"2334 E CHERRY ST, SEATTLE, WA 98122-4830",760837,757570,,20944,"2833 32ND AVE S, SEATTLE, WA 98144-6111",,,,,99,0,N,07/01/2024,System.Byte[],814269,8142690727771,1278191.58917764,225290.709146708,POINT (-122.301841 47.60815)
19376194,787594,785439,2023,12/31/2023 12:00:00 AM,COCHE VALLEY LLC,COCHE VALLEY DESSERT CAFE,HEADER QUARTER,ACTIVE,PUNTIP PAISAN,5046164840,9999,UNCLASSIFIED ESTABLISHMENT,722515,SNACK AND NONALCOHOLIC BEVERAGE BARS ,"1424 E PINE ST, SEATTLE, WA 98122-4032",607365,135374,,20350,"1424 E PINE ST, SEATTLE, WA 98122-4032",,,,,99,0,N,01/08/2023,System.Byte[],869164,8691640785439,1275498.29304688,227992.390045479,POINT (-122.312967 47.615414)
19376248,659547,685202,2024,12/31/2024 12:00:00 AM,JAMIL JORDAN LLC,LADYBUG ESPRESSO,HEADER QUARTER,ACTIVE,ASSAD BARAGZAI,2068520642,9999,UNCLASSIFIED ESTABLISHMENT,722515,SNACK AND NONALCOHOLIC BEVERAGE BARS ,"2901 4TH AVE S, SEATTLE, WA 98134-1914",158469,152885,,29346,"PO BOX 1050, AUBURN, WA 98071-1050",,,,,99,0,N,09/02/2014,System.Byte[],773299,7732990685202,1271086.92408237,214259.259023413,POINT (-122.329767 47.577538)
19376267,735950,741828,2024,12/31/2024 12:00:00 AM,MORSEL LLC,MORSEL,BRANCH,ACTIVE,KEKOA KAZUO HIDANO,2062182589,9999,UNCLASSIFIED ESTABLISHMENT,722515,SNACK AND NONALCOHOLIC BEVERAGE BARS ,"5000 UNIVERSITY WAY NE # D, SEATTLE, WA 98105-4673",93220,85529,,13358,"4754 UNIVERSITY WAY NE, SEATTLE, WA 98105-4413",,,,,99,0,N,05/01/2018,System.Byte[],774051,7740510741828,1275886.39211927,246085.857968003,POINT (-122.312804 47.665028)
19376556,771819,772480,2022,12/31/2022 12:00:00 AM,JEI LLC,SNOWY VILLAGE,HEADER QUARTER,ACTIVE,JIACHENG LI,2067081111,9999,UNCLASSIFIED ESTABLISHMENT,722515,SNACK AND NONALCOHOLIC BEVERAGE BARS ,"5264 UNIVERSITY WAY NE, SEATTLE, WA 98105-3519",92902,458359,,13258,"12633 100TH LN NE # H135, KIRKLAND, WA 98034-8820",,,,,99,0,N,05/01/2019,System.Byte[],856803,8568030772480,1275920.47928731,247268.078769222,POINT (-122.312758 47.66827)
19376571,699280,713418,2024,12/31/2024 12:00:00 AM,TWELVETWO01 LLC,HOTWIRE COFFEE HOUSE,HEADER QUARTER,ACTIVE,ANGELA COUGH,2069351510,9999,UNCLASSIFIED ESTABLISHMENT,722515,SNACK AND NONALCOHOLIC BEVERAGE BARS ,"4410 CALIFORNIA AVE SW, SEATTLE, WA 98116-4109",400737,410716,,27876,"PO BOX 16568, SEATTLE, WA 98116-0568",,,,,99,0,N,08/18/2016,System.Byte[],800475,8004750713418,1256983.50006792,209730.687626779,POINT (-122.386525 47.564359)
19376938,783939,782413,2024,12/31/2024 12:00:00 AM,HYDRATE LLC,HYDRATE JUICE BAR,HEADER QUARTER,ACTIVE,MICHAEL WEH,3047671771,9999,UNCLASSIFIED ESTABLISHMENT,722515,SNACK AND NONALCOHOLIC BEVERAGE BARS ,"2025 1ST AVE # D, SEATTLE, WA 98121-2100",140678,134381,,25812,"11542 NE 21ST ST, BELLEVUE, WA 98004-3025",,,,,99,0,N,11/01/2022,System.Byte[],866273,8662730782413,1267814.48196702,226735.238044187,POINT (-122.344015 47.611559)
19377094,653494,681120,2024,12/31/2024 12:00:00 AM,DOUGHNUT CORPORATION OF AMERICA INC,TOP POT DOUGHNUTS,BRANCH,ACTIVE,MARK KLEBECK,2067281986,9999,UNCLASSIFIED ESTABLISHMENT,722515,SNACK AND NONALCOHOLIC BEVERAGE BARS ,"888 WESTERN AVE # E, SEATTLE, WA 98104-1466",143910,616119,,46722,"401 BAKER BLVD, TUKWILA, WA 98188-2906",,,,,99,0,N,04/15/2014,System.Byte[],596258,5962580681120,1269695.33598493,223705.742489085,POINT (-122.336151 47.603356)
19377457,601648,644577,2024,12/31/2024 12:00:00 AM,STARBUCKS CORPORATION,STARBUCKS COFFEE  15253,BRANCH,ACTIVE,ZHANG WEI,2063188705,9999,UNCLASSIFIED ESTABLISHMENT,722515,SNACK AND NONALCOHOLIC BEVERAGE BARS ,"2401 UTAH AVE S # 8TH FL, SEATTLE, WA 98134",600189,600241,,29031,"PO BOX 34442, SEATTLE, WA 98124",,,,,99,0,N,03/01/2011,System.Byte[],105444,1054440644577,1269741.37502499,215845.125009045,POINT (-122.335343 47.581813)
19377953,789006,786551,2025,12/31/2025 12:00:00 AM,ELLYS COFFEE COMPANY,THE SEATTLE GRIND,HEADER QUARTER,ACTIVE,MEHMET GULTEKIN,2064229525,9999,UNCLASSIFIED ESTABLISHMENT,722515,SNACK AND NONALCOHOLIC BEVERAGE BARS ,"516 HARRISON ST, SEATTLE, WA 98109-4557",610930,611832,,25224,"516 HARRISON ST, SEATTLE, WA 98109-4557",,,,,99,0,N,08/31/2023,System.Byte[],870217,8702170786551,1267183.22948636,230828.073376387,POINT (-122.3469 47.622743)
19378438,764621,766042,2024,12/31/2024 12:00:00 AM,JHKM CORPORATION,DING TEA SEATTLE,HEADER QUARTER,ACTIVE,KON AHN,2534551359,9999,UNCLASSIFIED ESTABLISHMENT,722515,SNACK AND NONALCOHOLIC BEVERAGE BARS ,"4725 UNIVERSITY WAY NE, SEATTLE, WA 98105-4412",93324,85669,,13477,"6840 MONTEVISTA DR SE, AUBURN, WA 98092-8223",,,,,99,0,N,11/12/2020,System.Byte[],850655,8506550766042,1275719.62501511,245650.109359562,POINT (-122.313447 47.663825)
19378592,575891,625946,2024,12/31/2024 12:00:00 AM,CAFE WEEKEND LLC,CAFE WEEKEND,HEADER QUARTER,ACTIVE,CHRISTA THOMAS,2067748730,9999,UNCLASSIFIED ESTABLISHMENT,722515,SNACK AND NONALCOHOLIC BEVERAGE BARS ,"851 HIAWATHA PL S, SEATTLE, WA 98144-2823",619814,619495,,21830,"851 HIAWATHA PL S, SEATTLE, WA 98144-2823",,,,,99,0,N,01/01/2009,System.Byte[],717359,7173590625946,1276216.20101561,220404.270997703,POINT (-122.309467 47.594653)
19378826,796691,793052,2024,12/31/2024 12:00:00 AM,ANCIENT GATE,ANCIENT GATE COFFEE,HEADER QUARTER,ACTIVE,KEGAN WEATHERFORD,8592295770,9999,UNCLASSIFIED ESTABLISHMENT,722515,SNACK AND NONALCOHOLIC BEVERAGE BARS ,"4530 UNIVERSITY WAY NE, SEATTLE, WA 98105-4511",93421,85808,,13586,"9110 32ND AVE NE, SEATTLE, WA 98115-3517",,,,,99,0,N,09/14/2024,System.Byte[],876330,8763300793052,1275869.12491927,245063.093678951,POINT (-122.312795 47.662224)
19378909,643986,673572,2024,12/31/2024 12:00:00 AM,DOUGHNUT CORPORATION OF AMERICA INC,TOP POT DOUGHNUTS,BRANCH,ACTIVE,MARK KLEBECK,2067087244,9999,UNCLASSIFIED ESTABLISHMENT,722515,SNACK AND NONALCOHOLIC BEVERAGE BARS ,"1206 MADISON ST, SEATTLE, WA 98104-1337",143932,643638,,20773,"401 BAKER BLVD, TUKWILA, WA 98188-2906",,,,,99,0,N,09/03/2013,System.Byte[],596258,5962580673572,1272741.37502806,226151.921819597,POINT (-122.323999 47.610223)
19378938,600592,643816,2025,12/31/2025 12:00:00 AM,EXPLORATION TEAM LLC,ANALOG COFFEE,HEADER QUARTER,ACTIVE,TIM HAYDEN,2066614794,9999,UNCLASSIFIED ESTABLISHMENT,722515,SNACK AND NONALCOHOLIC BEVERAGE BARS ,"235 SUMMIT AVE E, SEATTLE, WA 98102-5618",137325,129806,,20004,"235 SUMMIT AVE E, SEATTLE, WA 98102-5618",,,,,99,0,N,01/29/2011,System.Byte[],734106,7341060643816,1272434.33758774,229973.181599513,POINT (-122.325543 47.620681)
19379164,794925,791575,2024,12/31/2024 12:00:00 AM,JACKSON SUSAN AND FIGLOZZI MARK D,HUGOS SHAVE ICE,HEADER QUARTER,ACTIVE,SUSAN JACKSON,2062009311,9999,UNCLASSIFIED ESTABLISHMENT,722515,SNACK AND NONALCOHOLIC BEVERAGE BARS ,"4708 BURKE AVE N, SEATTLE, WA 98103-6820",91569,83790,,10439,"4708 BURKE AVE N, SEATTLE, WA 98103-6820",,,,,99,0,N,03/19/2024,System.Byte[],874918,8749180791575,1270422.36804968,245516.454063416,POINT (-122.33493 47.663177)
19379260,762623,764216,2024,12/31/2024 12:00:00 AM,HERBAN GOURMET LLC,BLUE SAUCER,HEADER QUARTER,ACTIVE,ANNA SMITH,2064534955,9999,UNCLASSIFIED ESTABLISHMENT,722515,SNACK AND NONALCOHOLIC BEVERAGE BARS ,"9127 ROOSEVELT WAY NE, SEATTLE, WA 98115-2839",59116,51054,,7299,"9127 ROOSEVELT WAY NE, SEATTLE, WA 98115-2839",,,,,99,0,N,06/01/2020,System.Byte[],848933,8489330764216,1274851.57202221,257306.567099497,POINT (-122.317882 47.695729)
19379404,745182,748931,2023,12/31/2023 12:00:00 AM,COFFEE4NERDS LLC,DISTANT WORLDS COFFEEHOUSE,HEADER QUARTER,ACTIVE,REBECCA SERVOSS,9496909834,9999,UNCLASSIFIED ESTABLISHMENT,722515,SNACK AND NONALCOHOLIC BEVERAGE BARS ,"6417 ROOSEVELT WAY NE # 104, SEATTLE, WA 98115-6657",86107,78185,,12586,"1210 E JOHN ST # 5, SEATTLE, WA 98102",,,,,99,0,N,03/20/2019,System.Byte[],834470,8344700748931,1274758.19499812,249960.629939973,POINT (-122.317685 47.675589)
19379551,798263,794399,2024,12/31/2024 12:00:00 AM,DOUGHNUT CORPORATION OF AMERICA INC,TOP POT DOUGHNUTS,BRANCH,ACTIVE,MARK KLEBECK,2066312049,9999,UNCLASSIFIED ESTABLISHMENT,722515,SNACK AND NONALCOHOLIC BEVERAGE BARS ,"4709 CALIFORNIA AVE SW, SEATTLE, WA 98116-4412",175975,168395,,28010,"401 BAKER BLVD, TUKWILA, WA 98188-2906",,,,,99,0,N,08/01/2024,System.Byte[],596258,5962580794399,1256815.12989175,208459.043977469,POINT (-122.387103 47.560864)
19379853,778118,777565,2022,12/31/2022 12:00:00 AM,JAVA BROTHERS CAFE LLC,JAVA BROTHERS CAFE LLC,HEADER QUARTER,ACTIVE,ANA RODRIGUEZ,2064963430,9999,UNCLASSIFIED ESTABLISHMENT,722515,SNACK AND NONALCOHOLIC BEVERAGE BARS ,"2312 3RD AVE # 101, SEATTLE, WA 98121-1746",140266,133455,,25652,"2312 3RD AVE # 101, SEATTLE, WA 98121-1746",,,,,99,0,N,04/20/2022,System.Byte[],861658,8616580777565,1267562.68497476,228118.639005601,POINT (-122.345146 47.615337)
19380092,777928,777407,2022,12/31/2022 12:00:00 AM,TIGER SUGAR SEATTLE INC,TIGER SUGAR,HEADER QUARTER,ACTIVE,HUAN CHEN,9178192686,9999,UNCLASSIFIED ESTABLISHMENT,722515,SNACK AND NONALCOHOLIC BEVERAGE BARS ,"1430 2ND AVE, SEATTLE, WA 98101-3363",602699,603142,,25913,"2 MOTT ST, NEW YORK, NY 10013-5003",,,,,99,0,N,06/18/2022,System.Byte[],861505,8615050777407,1269204.99998443,225815.328155249,POINT (-122.338306 47.609112)
19380258,771868,772525,2022,12/31/2022 12:00:00 AM,KKRZA LLC,KUKURUZA,HEADER QUARTER,ACTIVE,ERIN COBB,4254453171,9999,UNCLASSIFIED ESTABLISHMENT,722515,SNACK AND NONALCOHOLIC BEVERAGE BARS ,"1500 WESTERN AVE, SEATTLE, WA 98101-1522",143732,138250,,25908,"1500 WESTERN AVE, SEATTLE, WA 98101-1522",,,,,99,0,N,09/15/2018,System.Byte[],856848,8568480772525,1268491.8751197,225718.375067145,POINT (-122.341188 47.608808)
19380338,607857,648814,2025,12/31/2025 12:00:00 AM,BURGER HERO INC,UN BIEN CARIBBEAN FOODS INC,HEADER QUARTER,ACTIVE,THANH TRAN,2069927190,9999,UNCLASSIFIED ESTABLISHMENT,722515,SNACK AND NONALCOHOLIC BEVERAGE BARS ,"7302 1/2 15TH AVE NW, SEATTLE, WA 98117",74897,66346,,8576,"7302 1/2 15TH AVE NW, SEATTLE, WA 98117",,,,,99,0,N,07/15/2011,System.Byte[],738771,7387710648814,1260315.06103133,252465.994934544,POINT (-122.376504 47.681677)
19380514,613473,652870,2024,12/31/2024 12:00:00 AM,JPK CORP,CAFFE LADRO,BRANCH,ACTIVE,KERI D'ANGELO,2066341356,9999,UNCLASSIFIED ESTABLISHMENT,722515,SNACK AND NONALCOHOLIC BEVERAGE BARS ,"501 2ND AVE W # 200, SEATTLE, WA 98119-3983",136378,128384,,25148,"501 2ND AVE W # 200, SEATTLE, WA 98119-3983",,,,,99,0,N,12/14/2011,System.Byte[],168875,1688750652870,1264030.00708313,231146.712992713,POINT (-122.35971 47.623446)
19380573,784839,783137,2024,12/31/2024 12:00:00 AM,CHUNG GAVIN,KETTLE KINGDOM,HEADER QUARTER,ACTIVE,GAVIN CHUNG,2537669526,9999,UNCLASSIFIED ESTABLISHMENT,722515,SNACK AND NONALCOHOLIC BEVERAGE BARS ,"1029 OCCIDENTAL AVE S, SEATTLE, WA 98134-1213",151988,147550,,26393,"7307 7TH AVE SW, SEATTLE, WA 98106-2004",,,,,99,0,N,03/01/2023,System.Byte[],866976,8669760783137,1270232.50001749,220027.484309316,POINT (-122.333684 47.593303)
19381413,757382,759561,2024,12/31/2024 12:00:00 AM,DRIP TEA LLC,DRIP TEA,HEADER QUARTER,ACTIVE,MY-LAI PHAN,2063759559,9999,UNCLASSIFIED ESTABLISHMENT,722515,SNACK AND NONALCOHOLIC BEVERAGE BARS ,"1416 10TH AVE, SEATTLE, WA 98122-3805",699661,135633,,20522,"1416 10TH AVE, SEATTLE, WA 98122-3805",,,,,99,0,N,01/05/2020,System.Byte[],844556,8445560759561,1274048.6249494,227242.390684709,POINT (-122.318785 47.613281)
19381743,794248,790994,2024,12/31/2024 12:00:00 AM,THE STATION COFFEE SHOP COLUMBIA CITY LLC,THE STATION COLUMBIA CITY,HEADER QUARTER,ACTIVE,LEONA MOORE-RODRIGUEZ,2069312863,9999,UNCLASSIFIED ESTABLISHMENT,722515,SNACK AND NONALCOHOLIC BEVERAGE BARS ,"3000 S ALASKA ST, SEATTLE, WA 98108-2270",741360,739415,,47632,"2519 15TH AVE S, SEATTLE, WA 98144",158666.0,153042.0,0.0,29010.0,99,0,N,03/01/2024,System.Byte[],874405,8744050790994,1280078.62508357,208042.781321049,POINT (-122.292866 47.560972)
19381749,793699,790512,2024,12/31/2024 12:00:00 AM,EL ANTOJO LOKO LLC,EL ANTOJO LOKO,HEADER QUARTER,ACTIVE,,2066127485,9999,UNCLASSIFIED ESTABLISHMENT,722515,SNACK AND NONALCOHOLIC BEVERAGE BARS ,"12248 AURORA AVE N # B, SEATTLE, WA 98133-8180",37225,30977,,4373,"12200 STONE AVE N # 73, SEATTLE, WA 98133-8427",,,,,99,0,N,03/01/2024,System.Byte[],873943,8739430790512,1268497.51991971,265999.582916394,POINT (-122.344372 47.719217)
19381950,773843,651343,2024,12/31/2024 12:00:00 AM,EQUAL EXCHANGE INC,EQUAL EXCHANGE,HEADER QUARTER,ACTIVE,ROBERT EVERTS,7747767400,9999,UNCLASSIFIED ESTABLISHMENT,722515,SNACK AND NONALCOHOLIC BEVERAGE BARS ,"14101 AURORA AVE N # A, SEATTLE, WA 98133",27903,22612,0.0,3735,"50 UNITED DR, WEST BRIDGEWATER, MA 02379",,,,,99,0,N,02/01/2021,System.Byte[],741191,7411910651343,1267994.8739032,270353.663944855,POINT (-122.346761 47.731125)
19381965,621231,658242,2025,12/31/2025 12:00:00 AM,BON APPETIT MANAGEMENT CO,RUBIA ESPRESSO,BRANCH,ACTIVE,MICHAEL BAUCCIO,2066676060,9999,UNCLASSIFIED ESTABLISHMENT,722515,SNACK AND NONALCOHOLIC BEVERAGE BARS ,"1100 EASTLAKE AVE E, SEATTLE, WA 98109-4487",133757,125760,,18342,"201 REDWOOD SHORES PKWY # 100, REDWOOD CITY, CA 94065-6111",,,,,99,0,N,07/30/2012,System.Byte[],159060,1590600658242,1271697.99992299,232986.265506595,POINT (-122.328766 47.6289)
19382028,764720,766140,2025,12/31/2025 12:00:00 AM,ELP LLC,PEGASUS COFFEE BAR,HEADER QUARTER,ACTIVE,EUGENE PARK,8582540281,9999,UNCLASSIFIED ESTABLISHMENT,722515,SNACK AND NONALCOHOLIC BEVERAGE BARS ,"711 3RD AVE # 331, SEATTLE, WA 98104-1704",144118,139190,,26072,"711 3RD AVE # 331, SEATTLE, WA 98104-1704",,,,,99,0,N,04/01/2020,System.Byte[],850752,8507520766140,1270504.35691376,223778.424985155,POINT (-122.332878 47.603598)
19382035,745290,749011,2024,12/31/2024 12:00:00 AM,CUP BY CUP LLC,UPTOWN ESPRESSO - JUNCTION,BRANCH,ACTIVE,,2063914150,9999,UNCLASSIFIED ESTABLISHMENT,722515,SNACK AND NONALCOHOLIC BEVERAGE BARS ,"4301 SW EDMUNDS ST, SEATTLE, WA 98116-4420",176148,168568,,28011,"5501 6TH AVE S, SEATTLE, WA 98108-2503",,,,,99,0,N,02/01/2019,System.Byte[],834037,8340370749011,1256694.72208363,207846.122888848,POINT (-122.38754 47.559178)
19382362,767875,769121,2024,12/31/2024 12:00:00 AM,STARBUCKS CORPORATION,STARBUCKS COFFEE 3298,BRANCH,ACTIVE,ZHANG WEI,2063188705,9999,UNCLASSIFIED ESTABLISHMENT,722515,SNACK AND NONALCOHOLIC BEVERAGE BARS ,"1524 7TH AVE, SEATTLE, WA 98101-1704",266422,238991,,25799,"1524 7TH AVE, SEATTLE, WA 98101-1704",,,,,99,0,N,04/26/2021,System.Byte[],105444,1054440769121,1270340.69124959,227061.851804525,POINT (-122.333801 47.612589)
19382400,769269,770367,2024,12/31/2024 12:00:00 AM,LUSHBAR LLC,LUSHBAR LLC,HEADER QUARTER,ACTIVE,SIERRA REDMON,2532503200,9999,UNCLASSIFIED ESTABLISHMENT,722515,SNACK AND NONALCOHOLIC BEVERAGE BARS ,"2231 2ND AVE, SEATTLE, WA 98121-2016",140328,133609,,25720,"2231 2ND AVE, SEATTLE, WA 98121-2016",,,,,99,0,N,07/24/2021,System.Byte[],854789,8547890770367,1267431.62500662,227554.515613034,POINT (-122.345632 47.613784)
19382953,770660,771566,2021,12/31/2021 12:00:00 AM,SCOGGINS HANNAH,OM JUICE BAR,HEADER QUARTER,ACTIVE,HANNAH SCOGGINS,2534581235,9999,UNCLASSIFIED ESTABLISHMENT,722515,SNACK AND NONALCOHOLIC BEVERAGE BARS ,"6706 15TH AVE NW, SEATTLE, WA 98117-5507",676799,658716,,8903,"PO BOX 17548, SEATTLE, WA 98127-1248",,,,,99,0,N,10/01/2021,System.Byte[],855929,8559290771566,1260285.2477833,251137.534645185,POINT (-122.376517 47.678035)
19383383,732642,739303,2024,12/31/2024 12:00:00 AM,SHIN ESPRESSO CO,FIREHOUSE COFFEE,HEADER QUARTER,ACTIVE,,2064969210,9999,UNCLASSIFIED ESTABLISHMENT,722515,SNACK AND NONALCOHOLIC BEVERAGE BARS ,"2622 NW MARKET ST # D, SEATTLE, WA 98107-4106",600898,72915,,9809,"8624 242ND ST SW, EDMONDS, WA 98026-9042",,,,,99,0,N,07/01/2018,System.Byte[],825245,8252450739303,1256560.75011548,247886.124977842,POINT (-122.391366 47.668917)
19383494,792943,789855,2024,12/31/2024 12:00:00 AM,AMAZONIA CAFE LLC,AMAZONIA CAFE,HEADER QUARTER,ACTIVE,HELIA SERRATE,2063499285,9999,UNCLASSIFIED ESTABLISHMENT,722515,SNACK AND NONALCOHOLIC BEVERAGE BARS ,"4351 LEARY WAY NW, SEATTLE, WA 98107-4538",96562,88750,,10701,"12643 74TH PL S, SEATTLE, WA 98178-4302",,,,,99,0,N,02/01/2024,System.Byte[],873308,8733080789855,1262601.99991368,244573.09380646,POINT (-122.366584 47.660169)
19383581,571875,623004,2024,12/31/2024 12:00:00 AM,STARBUCKS CORPORATION,STARBUCKS COFFEE   14870,BRANCH,ACTIVE,ZHANG WEI,2063188705,9999,UNCLASSIFIED ESTABLISHMENT,722515,SNACK AND NONALCOHOLIC BEVERAGE BARS ,"102 PIKE ST, SEATTLE, WA 98101",143730,138190,0.0,50129,"PO BOX 34442, SEATTLE, WA 98124",,,,,99,0,N,02/05/2009,System.Byte[],105444,1054440623004,1268841.04196806,225829.031579256,POINT (-122.339782 47.60913)
19383715,798095,794252,2024,12/31/2024 12:00:00 AM,ALJABI LLC,LEVANT CAFE 2,HEADER QUARTER,ACTIVE,SHADI GHAITH,4254280554,9999,UNCLASSIFIED ESTABLISHMENT,722515,SNACK AND NONALCOHOLIC BEVERAGE BARS ,"400 PINE ST # 214, SEATTLE, WA 98101-1628",140648,134258,,25809,"400 PINE ST # 214, SEATTLE, WA 98101-1628",,,,,99,0,N,08/20/2024,System.Byte[],877462,8774620794252,1269504.74987274,226835.46870029,POINT (-122.337172 47.611924)
19383805,758215,760296,2024,12/31/2024 12:00:00 AM,JPK CORP,CAFFE LADRO,BRANCH,ACTIVE,KERI D'ANGELO,2066341356,9999,UNCLASSIFIED ESTABLISHMENT,722515,SNACK AND NONALCOHOLIC BEVERAGE BARS ,"1222 NE 65TH ST, SEATTLE, WA 98115",79133,70760,0.0,12465,"501 2ND AVE W # 200, SEATTLE, WA 98119-3983",,,,,99,0,N,05/01/2019,System.Byte[],168875,1688750760296,1275516.8599589,250082.355892092,POINT (-122.314616 47.675963)
19383884,778163,777601,2024,12/31/2024 12:00:00 AM,URBAN CONCEPT CORP,AROOM,HEADER QUARTER,ACTIVE,DAT TRAN,2068893555,9999,UNCLASSIFIED ESTABLISHMENT,722515,SNACK AND NONALCOHOLIC BEVERAGE BARS ,"3801 STONE WAY N, SEATTLE, WA 98103-8047",106942,99308,,11327,"12813 8TH AVE SW, BURIEN, WA 98146-3261",,,,,99,0,N,07/01/2022,System.Byte[],861693,8616930777601,1268321.23806353,241881.141931698,POINT (-122.343166 47.6531)
19383911,696014,711282,2024,12/31/2024 12:00:00 AM,DNA FOODS,LA COPA,HEADER QUARTER,ACTIVE,DONOVAN CURRY,2063886095,9999,UNCLASSIFIED ESTABLISHMENT,722515,SNACK AND NONALCOHOLIC BEVERAGE BARS ,"2410 NW 80TH ST, SEATTLE, WA 98117-4449",63277,54909,,8084,"2407 NE 145TH ST, SEATTLE, WA 98155-7310",,,,,99,0,N,10/01/2016,System.Byte[],798415,7984150711282,1257542.5741165,254447.595960572,POINT (-122.38792 47.686956)
19383916,789571,787012,2024,12/31/2024 12:00:00 AM,MELON MORE LLC,MACU TEA,HEADER QUARTER,ACTIVE,CHRISTIE LIN,2067719143,9999,UNCLASSIFIED ESTABLISHMENT,722515,SNACK AND NONALCOHOLIC BEVERAGE BARS ,"1100 NE 45TH ST, SEATTLE, WA 98105-4683",93495,600261,,13581,"1100 NE 45TH ST, SEATTLE, WA 98105-4683",,,,,99,0,N,10/08/2023,System.Byte[],870646,8706460787012,1275014.11461438,244845.631918728,POINT (-122.316247 47.661583)
19384625,118099,106268,2024,12/31/2024 12:00:00 AM,STARBUCKS CORPORATION,STARBUCKS COFFEE   302,BRANCH,ACTIVE,ZHANG WEI,2065225228,9999,UNCLASSIFIED ESTABLISHMENT,722515,SNACK AND NONALCOHOLIC BEVERAGE BARS ,"4634 26TH AVE NE, SEATTLE, WA 98105",400983,423749,0.0,13522,"PO BOX 34442, SEATTLE, WA 98124-1442",,,,,99,0,N,01/01/1989,System.Byte[],105444,1054440106268,1279110.87493858,245117.734319016,POINT (-122.299646 47.662544)
19385026,765229,766622,2024,12/31/2024 12:00:00 AM,JULIES COFFEE LLC,REALFINE COFFEE,BRANCH,ACTIVE,JULIE MIERZWIAK,2068528434,9999,UNCLASSIFIED ESTABLISHMENT,722515,SNACK AND NONALCOHOLIC BEVERAGE BARS ,"7900 35TH AVE SW, SEATTLE, WA 98126-3405",202452,191593,,33294,"2743 48TH AVE SW, SEATTLE, WA 98116-2901",,,,,99,0,N,12/26/2020,System.Byte[],734518,7345180766622,1259254.29431024,197800.292478561,POINT (-122.37636 47.531784)
19385201,767880,769126,2024,12/31/2024 12:00:00 AM,STARBUCKS CORPORATION,STARBUCKS COFFEE 3702,BRANCH,ACTIVE,ZHANG WEI,2063188705,9999,UNCLASSIFIED ESTABLISHMENT,722515,SNACK AND NONALCOHOLIC BEVERAGE BARS ,"4000 E MADISON ST, SEATTLE, WA 98112-3160",131100,122909,,19162,"4000 E MADISON ST, SEATTLE, WA 98112-3160",,,,,99,0,N,04/26/2021,System.Byte[],105444,1054440769126,1283561.45695913,234663.975076303,POINT (-122.28079 47.634121)
19385217,741855,746179,2024,12/31/2024 12:00:00 AM,68 GRANITE LLC,BATCH BAKING COMPANY,HEADER QUARTER,ACTIVE,,2067538579,9999,UNCLASSIFIED ESTABLISHMENT,722515,SNACK AND NONALCOHOLIC BEVERAGE BARS ,"1143 MARTIN LUTHER KING JR WAY # 68, SEATTLE, WA 98122-5051",641657,137559,,20651,"1143 MARTIN LUTHER KING JR WAY # 68, SEATTLE, WA 98122-5051",,,,,99,0,N,01/02/2019,System.Byte[],831826,8318260746179,1279526.306107,226934.541980401,POINT (-122.296557 47.612725)
19385304,728551,736163,2023,12/31/2023 12:00:00 AM,RIVER UP LLC,MISS CAFE,HEADER QUARTER,ACTIVE,SEYIT EMBEL,2064857044,9999,UNCLASSIFIED ESTABLISHMENT,722515,SNACK AND NONALCOHOLIC BEVERAGE BARS ,"1523 1ST AVE, SEATTLE, WA 98101",143715,138179,,25894,"1733 SE 30TH PL, RENTON, WA 98055",,,,,99,0,N,02/01/2018,System.Byte[],822236,8222360736163,1268526.12510374,225959.1248914,POINT (-122.341069 47.60947)
19385419,741687,746037,2024,12/31/2024 12:00:00 AM,JULIES COFFEE LLC,REALFINE COFFEE,BRANCH,ACTIVE,JULIE MIERZWIAK,2068528434,9999,UNCLASSIFIED ESTABLISHMENT,722515,SNACK AND NONALCOHOLIC BEVERAGE BARS ,"616 E PINE ST, SEATTLE, WA 98122-2324",140946,471190,,20332,"2743 48TH AVE SW, SEATTLE, WA 98116-2901",,,,,99,0,N,06/21/2018,System.Byte[],734518,7345180746037,1272827.46194014,228058.164125547,POINT (-122.323799 47.615453)
19385542,795303,791850,2024,12/31/2024 12:00:00 AM,STITCH CAFE,STITCH CAFE,HEADER QUARTER,ACTIVE,SARAH CHAE,4046615756,9999,UNCLASSIFIED ESTABLISHMENT,722515,SNACK AND NONALCOHOLIC BEVERAGE BARS ,"1408 E PINE ST # CU3, SEATTLE, WA 98122-4032",141347,135372,,20350,"1408 E PINE ST # CU3, SEATTLE, WA 98122-4032",,,,,99,0,N,04/01/2024,System.Byte[],875175,8751750791850,1275276.12498266,228061.875101551,POINT (-122.313873 47.615592)
19385562,764013,765514,2024,12/31/2024 12:00:00 AM,STARBUCKS CORPORATION,STARBUCKS COFFEE #61932,BRANCH,ACTIVE,ZHANG WEI,2063188705,9999,UNCLASSIFIED ESTABLISHMENT,722515,SNACK AND NONALCOHOLIC BEVERAGE BARS ,"4800 SAND POINT WAY NE, SEATTLE, WA 98105",117951,110112,0.0,48534,"PO BOX 34442, SEATTLE, WA 98124",,,,,99,0,N,10/09/2020,System.Byte[],105444,1054440765514,1283590.37497516,244948.781230837,POINT (-122.281458 47.662313)
19385608,709720,721077,2022,12/31/2022 12:00:00 AM,CALLUS LLC,CALLUS LLC,HEADER QUARTER,ACTIVE,DONG BO,2062286868,9999,UNCLASSIFIED ESTABLISHMENT,722515,SNACK AND NONALCOHOLIC BEVERAGE BARS ,"323 1ST AVE S, SEATTLE, WA 98104-2505",148562,143626,,26221,"2519 15TH AVE S, SEATTLE, WA 98144-5022",,,,,99,0,N,05/01/2017,System.Byte[],807806,8078060721077,1270052.2499053,222263.906199604,POINT (-122.334591 47.599423)
19385648,685673,704075,2024,12/31/2024 12:00:00 AM,JAMIL JORDAN LLC,DAILY COFFEE & TEA CO,BRANCH,ACTIVE,ASSAD BARAGZAI,2068520642,9999,UNCLASSIFIED ESTABLISHMENT,722515,SNACK AND NONALCOHOLIC BEVERAGE BARS ,"5400 E MARGINAL WAY S, SEATTLE, WA 98134-2441",177789,170002,,31881,"PO BOX 1050, AUBURN, WA 98071-1050",,,,,99,0,N,01/02/2016,System.Byte[],773299,7732990704075,1269155.00011238,205709.249926656,POINT (-122.336916 47.553999)
19385710,767870,769116,2024,12/31/2024 12:00:00 AM,STARBUCKS CORPORATION,STARBUCKS COFFEE 24837,BRANCH,ACTIVE,ZHANG WEI,2063188705,9999,UNCLASSIFIED ESTABLISHMENT,722515,SNACK AND NONALCOHOLIC BEVERAGE BARS ,"4233 SW ALASKA ST, SEATTLE, WA 98116-4524",176784,684435,,27949,"4233 SW ALASKA ST, SEATTLE, WA 98116-4524",,,,,99,0,N,04/26/2021,System.Byte[],105444,1054440769116,1256973.2690279,208444.237961456,POINT (-122.386461 47.560832)
19386067,735557,741540,2022,12/31/2022 12:00:00 AM,LBJS1 INC,PEGASUS COFFEE,HEADER QUARTER,ACTIVE,,2535844668,9999,UNCLASSIFIED ESTABLISHMENT,722515,SNACK AND NONALCOHOLIC BEVERAGE BARS ,"1218 3RD AVE # 103, SEATTLE, WA 98101-3028",143780,138470,,25953,"1702 145TH PL SW, LYNNWOOD, WA 98087-6090",,,,,99,0,N,09/01/2018,System.Byte[],827391,8273910741540,1269901.87499315,225282.031258702,POINT (-122.335439 47.607687)
19386383,794597,791291,2024,12/31/2024 12:00:00 AM,WINTERBOURNE LLC,GREEN LAKE BEN & JERRYS,HEADER QUARTER,ACTIVE,MORIA BLAIR,2067197781,9999,UNCLASSIFIED ESTABLISHMENT,722515,SNACK AND NONALCOHOLIC BEVERAGE BARS ,"7900 E GREEN LAKE DR N # 104, SEATTLE, WA 98103-4813",68730,60398,,8279,"7900 E GREEN LAKE DR N # 104, SEATTLE, WA 98103-4813",,,,,99,0,N,03/06/2024,System.Byte[],874685,8746850791291,1270052.6579693,253786.344887897,POINT (-122.337086 47.685825)
19386445,792924,789836,2024,12/31/2024 12:00:00 AM,SWEET LEGACY,THE USUAL,HEADER QUARTER,ACTIVE,GLORIA MAKSIMCHUK,2063317850,9999,UNCLASSIFIED ESTABLISHMENT,722515,SNACK AND NONALCOHOLIC BEVERAGE BARS ,"1414 E YESLER WAY, SEATTLE, WA 98122-5953",149045,144700,,21403,"1414 E YESLER WAY, SEATTLE, WA 98122-5953",,,,,99,0,N,05/01/2023,System.Byte[],873290,8732900789836,1275291.70591067,223045.007000417,POINT (-122.313419 47.601842)
19386838,610414,650684,2023,12/31/2023 12:00:00 AM,FULL TILT BALLARD LLC,FULL TILT BALLARD,HEADER QUARTER,ACTIVE,JUSTIN CLINE,2069635038,9999,UNCLASSIFIED ESTABLISHMENT,722515,SNACK AND NONALCOHOLIC BEVERAGE BARS ,"5453 LEARY AVE NW, SEATTLE, WA 98107-4011",88309,80422,,9999,"1219 SW 118TH ST, BURIEN, WA 98146-2620",,,,,99,0,N,10/01/2011,System.Byte[],740555,7405550650684,1258371.00010134,247452.499889404,POINT (-122.383985 47.667829)
19386931,764846,766261,2024,12/31/2024 12:00:00 AM,FREMANN FOODS LLC,THE BIRDHOUSE,HEADER QUARTER,ACTIVE,TODD FREGIN,2067907126,9999,UNCLASSIFIED ESTABLISHMENT,722515,SNACK AND NONALCOHOLIC BEVERAGE BARS ,"3509 SW HENDERSON ST, SEATTLE, WA 98126-3852",208417,196632,,33890,"3509 SW HENDERSON ST, SEATTLE, WA 98126-3852",,,,,99,0,N,03/01/2020,System.Byte[],850867,8508670766261,1258985.03709397,194517.684091195,POINT (-122.377184 47.522772)
19387100,712724,723377,2023,12/31/2023 12:00:00 AM,STANDARD BAKERY LLC,ZYLBERSCHTEIN'S DELICATESSEN & BAKERY,HEADER QUARTER,ACTIVE,JOSHUA GRUNIG,4153851379,9999,UNCLASSIFIED ESTABLISHMENT,722515,SNACK AND NONALCOHOLIC BEVERAGE BARS ,"11752 15TH AVE NE, SEATTLE, WA 98125-5026",39374,32625,,6329,"2012 FRANKLIN AVE E, SEATTLE, WA 98102-3523",,,,,99,0,N,01/01/2017,System.Byte[],809998,8099980723377,1276402.48197581,264437.886914805,POINT (-122.312141 47.715358)
19387115,763782,765285,2024,12/31/2024 12:00:00 AM,SWEETILICIOUS LLC,PHIN,HEADER QUARTER,ACTIVE,BAO NGUYEN,2063537645,9999,UNCLASSIFIED ESTABLISHMENT,722515,SNACK AND NONALCOHOLIC BEVERAGE BARS ,"913 S JACKSON ST # D, SEATTLE, WA 98104-5165",149117,144830,,21570,"913 S JACKSON ST # D, SEATTLE, WA 98104-5165",,,,,99,0,N,10/01/2020,System.Byte[],849949,8499490765285,1273554.74309289,222000.863127336,POINT (-122.320377 47.598888)
19387760,769717,770759,2025,12/31/2025 12:00:00 AM,TRICERA LLC,HAPPY LEMON,HEADER QUARTER,ACTIVE,TING YANG,4256774162,9999,UNCLASSIFIED ESTABLISHMENT,722515,SNACK AND NONALCOHOLIC BEVERAGE BARS ,"2630 NE VILLAGE LN, SEATTLE, WA 98105-5031",604205,604726,,13541,"6513 132ND AVE NE, KIRKLAND, WA 98033-8628",,,,,99,0,N,06/21/2021,System.Byte[],855172,8551720770759,1279275.62501875,245085.812398985,POINT (-122.298975 47.662465)
19387830,788779,786368,2023,12/31/2023 12:00:00 AM,MIGHTY MUGS LLC,MIGHTY MUGS LLC,BRANCH,ACTIVE,JENESSA PETTIT,2067796941,9999,UNCLASSIFIED ESTABLISHMENT,722515,SNACK AND NONALCOHOLIC BEVERAGE BARS ,"4351 8TH AVE NW, SEATTLE, WA 98107",96562,88749,,10699,"35817 56TH AVE S, AUBURN, WA 98001-9136",,,,,99,0,N,11/01/2021,System.Byte[],869942,8699420786368,1262601.99991368,244573.09380646,POINT (-122.366584 47.660169)
19388002,750473,753364,2024,12/31/2024 12:00:00 AM,HONORE BAKERY LLC,HONORE PATISSERIE & ESPRESSO,HEADER QUARTER,ACTIVE,,2064341744,9999,UNCLASSIFIED ESTABLISHMENT,722515,SNACK AND NONALCOHOLIC BEVERAGE BARS ,"8056 LAKE CITY WAY NE, SEATTLE, WA 98115-4360",71021,62629,,11753,"8056 LAKE CITY WAY NE, SEATTLE, WA 98115-4360",,,,,99,0,N,09/15/2019,System.Byte[],838684,8386840753364,1276272.49311167,254237.866936356,POINT (-122.311873 47.687393)
19388018,762905,764487,2024,12/31/2024 12:00:00 AM,STARBUCKS CORPORATION,STARBUCKS COFFEE#60580,BRANCH,ACTIVE,ZHANG WEI,2063188705,9999,UNCLASSIFIED ESTABLISHMENT,722515,SNACK AND NONALCOHOLIC BEVERAGE BARS ,"425 PIKE ST, SEATTLE, WA 98101",143679,138004,0.0,25847,"PO BOX 34442, SEATTLE, WA 98124-1442",,,,,99,0,N,08/20/2020,System.Byte[],105444,1054440764487,1269857.0877931,226247.453851685,POINT (-122.335697 47.610331)
19388099,706480,718545,2024,12/31/2024 12:00:00 AM,STREET BEAN ESPRESSO,STREET BEAN COFFEE ROASTERS,HEADER QUARTER,ACTIVE,MARY STEELE,2067086803,9999,UNCLASSIFIED ESTABLISHMENT,722515,SNACK AND NONALCOHOLIC BEVERAGE BARS ,"2711 3RD AVE, SEATTLE, WA 98121-1217",140206,133283,,25520,"2711 3RD AVE, SEATTLE, WA 98121-1217",,,,,99,0,N,11/01/2009,System.Byte[],805374,8053740718545,1266494.12305366,228808.286110312,POINT (-122.349532 47.61717)
19388360,607143,648358,2024,12/31/2024 12:00:00 AM,CAFE CUGINI LLC,CAFE CUGINI,HEADER QUARTER,ACTIVE,ROBERT MERCER,2067842576,9999,UNCLASSIFIED ESTABLISHMENT,722515,SNACK AND NONALCOHOLIC BEVERAGE BARS ,"5306 BALLARD AVE NW, SEATTLE, WA 98107",88383,435308,0.0,10043,"5306 BALLARD AVE NW, SEATTLE, WA 98107",0.0,0.0,0.0,10043.0,99,0,N,03/01/2011,System.Byte[],738342,7383420648358,1258533.1249015,247072.031153008,POINT (-122.383296 47.666795)
19388440,708569,720188,2023,12/31/2023 12:00:00 AM,RYNK FOOD CORP,BROWN STUDY COFFEE SPACE,HEADER QUARTER,ACTIVE,KIHYUK JUNG,2064170681,9999,UNCLASSIFIED ESTABLISHMENT,722515,SNACK AND NONALCOHOLIC BEVERAGE BARS ,"11003 35TH AVE NE, SEATTLE, WA 98125-6809",44829,37861,,6648,"11003 35TH AVE NE, SEATTLE, WA 98125-6809",,,,,99,0,N,05/01/2017,System.Byte[],806966,8069660720188,1281488.98591702,261890.034880191,POINT (-122.291286 47.70864)
19388808,773311,773656,2022,12/31/2022 12:00:00 AM,SAFARI LOUNGE LLC,ALADDIN CAFE,HEADER QUARTER,ACTIVE,SEID ALI,2062617592,9999,UNCLASSIFIED ESTABLISHMENT,722515,SNACK AND NONALCOHOLIC BEVERAGE BARS ,"1314 DENNY WAY, SEATTLE, WA 98109-5317",137417,129911,,45033,"1314 DENNY WAY, SEATTLE, WA 98109-5317",,,,,99,0,N,01/01/2022,System.Byte[],857901,8579010773656,1271438.83601873,229279.936926797,POINT (-122.329525 47.618728)
19388847,784592,782938,2023,12/31/2023 12:00:00 AM,TOASTED LLC,TOASTED,HEADER QUARTER,ACTIVE,JAAFAR ALTAMEEMI,4258797293,9999,UNCLASSIFIED ESTABLISHMENT,722515,SNACK AND NONALCOHOLIC BEVERAGE BARS ,"4756 15TH AVE NE, SEATTLE, WA 98105-4405",729760,728555,,13479,"4756 15TH AVE NE, SEATTLE, WA 98105-4405",,,,,99,0,N,08/01/2023,System.Byte[],866782,8667820782938,1276163.87512755,245851.12491177,POINT (-122.31166 47.664399)
19388880,643987,673573,2024,12/31/2024 12:00:00 AM,DOUGHNUT CORPORATION OF AMERICA INC,TOP POT DOUGHNUTS,BRANCH,ACTIVE,MARK KLEBECK,2069958296,9999,UNCLASSIFIED ESTABLISHMENT,722515,SNACK AND NONALCOHOLIC BEVERAGE BARS ,"590 TERRY AVE N, SEATTLE, WA 98109-5231",136821,629027,,25180,"401 BAKER BLVD, TUKWILA, WA 98188-2906",,,,,99,0,N,09/04/2012,System.Byte[],596258,5962580673573,1269768.91473702,231323.479456887,POINT (-122.336456 47.62424)
19388976,659373,685083,2024,12/31/2024 12:00:00 AM,O DESSERT INC,O DESSERT INC,HEADER QUARTER,ACTIVE,HONG LIANG,2065255052,9999,UNCLASSIFIED ESTABLISHMENT,722515,SNACK AND NONALCOHOLIC BEVERAGE BARS ,"4727 UNIVERSITY WAY NE, SEATTLE, WA 98105-4412",93324,85670,,13477,"6500 29TH AVE S, SEATTLE, WA 98108-3787",,,,,99,0,N,08/23/2014,System.Byte[],773185,7731850685083,1275719.62501511,245650.109359562,POINT (-122.313447 47.663825)
19388988,684147,702938,2024,12/31/2024 12:00:00 AM,MONORAIL COFFEE LLC,MONORAIL ESPRESSO,BRANCH,ACTIVE,AIMEE PECK,2064424444,9999,UNCLASSIFIED ESTABLISHMENT,722515,SNACK AND NONALCOHOLIC BEVERAGE BARS ,"701 5TH AVE # 400A, SEATTLE, WA 98104-7103",144214,139255,,26047,"510 PIKE ST, SEATTLE, WA 98101-2316",,,,,99,0,N,04/01/2015,System.Byte[],752215,7522150702938,1271043.24997032,224109.6718335,POINT (-122.33072 47.604535)
19388996,782608,781218,2024,12/31/2024 12:00:00 AM,DISTINGUISHED FOOD HALL LLC,WEST SEATTLE FOOD HALL,HEADER QUARTER,ACTIVE,CLAIBORNE BELL,2069350432,9999,UNCLASSIFIED ESTABLISHMENT,722515,SNACK AND NONALCOHOLIC BEVERAGE BARS ,"4611 36TH AVE SW, SEATTLE, WA 98126-2713",166374,435081,,27963,"4611 36TH AVE SW, SEATTLE, WA 98126-2713",,,,,99,0,N,02/01/2023,System.Byte[],865122,8651220781218,1259090.88106208,208741.183113769,POINT (-122.377911 47.561763)
19389182,710883,721962,2023,12/31/2023 12:00:00 AM,LAN HUE BAKERY CORP,LAN HUE BAKERY,HEADER QUARTER,ACTIVE,HUY TAT,2066187218,9999,UNCLASSIFIED ESTABLISHMENT,722515,SNACK AND NONALCOHOLIC BEVERAGE BARS ,"900 S JACKSON ST # 212, SEATTLE, WA 98104-3058",149287,145018,,21570,"1215 S MAIN ST, SEATTLE, WA 98144-2030",,,,,99,0,N,07/01/2017,System.Byte[],808660,8086600721962,1273569.37502891,222226.046871573,POINT (-122.320335 47.599506)
19389434,787296,785185,2025,12/31/2025 12:00:00 AM,OSITA FINE FOODS LLC,WEBSTER STREET EATS,HEADER QUARTER,ACTIVE,MICHAEL CLOWNEY,2065356014,9999,UNCLASSIFIED ESTABLISHMENT,722515,SNACK AND NONALCOHOLIC BEVERAGE BARS ,"7353 35TH AVE SW, SEATTLE, WA 98126-3225",196020,186510,,32939,"7353 35TH AVE SW, SEATTLE, WA 98126-3225",,,,,99,0,N,05/10/2023,System.Byte[],868941,8689410785185,1259119.40995811,199320.259968117,POINT (-122.37703 47.535943)
19389667,745821,749422,2024,12/31/2024 12:00:00 AM,DENENNY LLC,PERENNIAL TEA ROOM,HEADER QUARTER,ACTIVE,DOLAN DENENNY,2064484054,9999,UNCLASSIFIED ESTABLISHMENT,722515,SNACK AND NONALCOHOLIC BEVERAGE BARS ,"1910 POST ALY, SEATTLE, WA 98101-1015",143682,137959,,25855,"1910 POST ALY, SEATTLE, WA 98101",,,,,99,0,N,04/01/2019,System.Byte[],834939,8349390749422,1268307.66519952,226234.937755674,POINT (-122.341976 47.610214)
19389911,643988,673574,2024,12/31/2024 12:00:00 AM,DOUGHNUT CORPORATION OF AMERICA INC,TOP POT DOUGHNUTS,BRANCH,ACTIVE,MARK KLEBECK,2064543694,9999,UNCLASSIFIED ESTABLISHMENT,722515,SNACK AND NONALCOHOLIC BEVERAGE BARS ,"720 3RD AVE # 100, SEATTLE, WA 98104-1825",144125,139195,,26072,"401 BAKER BLVD, TUKWILA, WA 98188-2906",,,,,99,0,N,08/07/2012,System.Byte[],596258,5962580673574,1270662.46200192,223961.560985357,POINT (-122.332252 47.604109)
19390022,795840,792321,2024,12/31/2024 12:00:00 AM,SCHWARTZ JASMINE,TINY BAKES,HEADER QUARTER,ACTIVE,JASMINE SCHWARTZ,2069477109,9999,UNCLASSIFIED ESTABLISHMENT,722515,SNACK AND NONALCOHOLIC BEVERAGE BARS ,"165 S MAIN ST, SEATTLE, WA 98104-2571",148721,468138,,26194,"165 S MAIN ST, SEATTLE, WA 98104-2571",,,,,99,0,N,04/11/2024,System.Byte[],875633,8756330792321,1270576.24990584,222324.140695676,POINT (-122.332472 47.599616)
19390057,697074,712041,2024,12/31/2024 12:00:00 AM,FRANKIE & JOS LLC,FRANKIE & JOS,HEADER QUARTER,ACTIVE,AUTUMN MARTIN,2066506409,9999,UNCLASSIFIED ESTABLISHMENT,722515,SNACK AND NONALCOHOLIC BEVERAGE BARS ,"1010 E UNION ST, SEATTLE, WA 98122-3825",699657,711155,,20528,"1010 E UNION ST, SEATTLE, WA 98122-3825",,,,,99,0,N,11/01/2016,System.Byte[],799135,7991350712041,1274049.3750294,227241.609372705,POINT (-122.318782 47.613279)
19390260,771790,772450,2024,12/31/2024 12:00:00 AM,CURRENT COFFEE LLC,CURRENT COFFEE LLC,HEADER QUARTER,ACTIVE,TYLER MEURK,2065083896,9999,UNCLASSIFIED ESTABLISHMENT,722515,SNACK AND NONALCOHOLIC BEVERAGE BARS ,"2206 CALIFORNIA AVE SW # B, SEATTLE, WA 98116-3595",154358,149782,,26710,"19031 33RD AVE W STE 207, LYNNWOOD, WA 98036-4731",,,,,99,0,N,10/15/2021,System.Byte[],856774,8567740772450,1257228.22710817,216785.096082002,POINT (-122.386111 47.583708)
19390263,687331,705280,2024,12/31/2024 12:00:00 AM,MABEL ENTERPRISES LLC,MABEL,HEADER QUARTER,ACTIVE,K. BROOKE MCCURDY,2066017846,9999,UNCLASSIFIED ESTABLISHMENT,722515,SNACK AND NONALCOHOLIC BEVERAGE BARS ,"7001 24TH AVE NW, SEATTLE, WA 98117-5845",73090,64560,,8711,"1752 NW MARKET ST, SEATTLE, WA 98107-5264",,,,,99,0,N,04/01/2016,System.Byte[],792623,7926230705280,1257521.20912448,251778.457013831,POINT (-122.387788 47.679639)
19390330,624759,660957,2024,12/31/2024 12:00:00 AM,CHERRY STREET COFFEE HOUSE LLC,CHERRY STREET COFFEE HOUSE PIONEER SQUARE,HEADER QUARTER,ACTIVE,ALI GHAMBARI,2066215331,9999,UNCLASSIFIED ESTABLISHMENT,722515,SNACK AND NONALCOHOLIC BEVERAGE BARS ,"103 CHERRY ST, SEATTLE, WA 98104-2205",148505,143452,,26103,"103 CHERRY ST, SEATTLE, WA 98104-2205",,,,,99,0,N,07/01/2012,System.Byte[],750279,7502790660957,1270261.87499352,223406.781336784,POINT (-122.333832 47.602567)
19390393,587182,634242,2022,12/31/2022 12:00:00 AM,PORCHLIGHT COFFEE LLC,PORCHLIGHT COFFEE & RECORDS,HEADER QUARTER,ACTIVE,ZACK BOLOTIN,2063295461,9999,UNCLASSIFIED ESTABLISHMENT,722515,SNACK AND NONALCOHOLIC BEVERAGE BARS ,"1515 14TH AVE, SEATTLE, WA 98122",632614,135461,0.0,20443,"1515 14TH AVE, SEATTLE, WA 98122",141387.0,135461.0,0.0,20443.0,99,0,N,06/30/2009,System.Byte[],725202,7252020634242,1275138.07211851,227706.872989193,POINT (-122.314405 47.614612)
19390733,755738,758020,2024,12/31/2024 12:00:00 AM,DYAM MANAGEMENT LLC,DYAM MANAGEMENT LLC,HEADER QUARTER,ACTIVE,TZU YI WEI,4259225116,9999,UNCLASSIFIED ESTABLISHMENT,722515,SNACK AND NONALCOHOLIC BEVERAGE BARS ,"4511 UNIVERSITY WAY NE, SEATTLE, WA 98105-4510",93449,85851,,13586,"14150 NE 20TH ST, BELLEVUE, WA 98007-3700",,,,,99,0,N,03/08/2020,System.Byte[],843164,8431640758020,1275706.6250791,244864.140718758,POINT (-122.313438 47.66167)
19390779,765890,767258,2025,12/31/2025 12:00:00 AM,SALT & LIGHT LLC,MOCHINUT,HEADER QUARTER,ACTIVE,YU TANG,6073799428,9999,UNCLASSIFIED ESTABLISHMENT,722515,SNACK AND NONALCOHOLIC BEVERAGE BARS ,"400 FAIRVIEW AVE N # 110, SEATTLE, WA 98109-5370",137197,129587,,25245,"19310 NE 129TH WAY, WOODINVILLE, WA 98077-5618",,,,,99,0,N,01/22/2021,System.Byte[],851808,8518080767258,1270386.36804965,230680.546976224,POINT (-122.333902 47.622511)
19390791,725658,733906,2024,12/31/2024 12:00:00 AM,GENERAL PORPOISE DOUGHNUTS AND COFFEE LLC,GENERAL PORPOISE DOUGHNUTS & COFFEE,HEADER QUARTER,ACTIVE,,2065967400,9999,UNCLASSIFIED ESTABLISHMENT,722515,SNACK AND NONALCOHOLIC BEVERAGE BARS ,"401 1ST AVE S, SEATTLE, WA 98104-2801",148567,143637,,26252,"3837 STONE WAY N, SEATTLE, WA 98103-8005",,,,,99,0,N,03/15/2018,System.Byte[],820076,8200760733906,1270043.7499373,222118.92187947,POINT (-122.334614 47.599025)
19390802,724633,733069,2024,12/31/2024 12:00:00 AM,PRAIRIES PASTRIES LLC,NIELSENS PASTRIES,HEADER QUARTER,ACTIVE,HOLLY PRAIRIE,2062823004,9999,UNCLASSIFIED ESTABLISHMENT,722515,SNACK AND NONALCOHOLIC BEVERAGE BARS ,"520 2ND AVE W # A, SEATTLE, WA 98119",136328,128312,,25148,"520 2ND AVE W # A, SEATTLE, WA 98119",,,,,99,0,N,06/23/2017,System.Byte[],819292,8192920733069,1264182.00810729,231358.34691292,POINT (-122.35911 47.624034)
19390978,746371,749903,2024,12/31/2024 12:00:00 AM,KREMA & CO LLC,KREMA & CO,HEADER QUARTER,ACTIVE,ALEV SEYMEN,8777387696,9999,UNCLASSIFIED ESTABLISHMENT,722515,SNACK AND NONALCOHOLIC BEVERAGE BARS ,"2425 33RD AVE W # B, SEATTLE, WA 98199-3255",265832,238378,,17100,"2425 33RD AVE W # B, SEATTLE, WA 98199-3255",,,,,99,0,N,01/01/2019,System.Byte[],835405,8354050749903,1254241.92694511,237515.170983225,POINT (-122.399918 47.640362)
19391051,794577,791275,2024,12/31/2024 12:00:00 AM,ALMA LOVE LLC,MONKEY GRIND ESPRESSO BAR,HEADER QUARTER,ACTIVE,KENDRA WEST,7205793211,9999,UNCLASSIFIED ESTABLISHMENT,722515,SNACK AND NONALCOHOLIC BEVERAGE BARS ,"518 N 85TH ST, SEATTLE, WA 98103-3721",57284,601027,,7865,"518 N 85TH ST, SEATTLE, WA 98103-3721",,,,,99,0,N,01/01/2014,System.Byte[],874670,8746700791275,1266520.24990168,255667.718841821,POINT (-122.351575 47.690791)
19392278,658754,684649,2024,12/31/2024 12:00:00 AM,E A T FITNESS & NUTRITION LLC,THE FIT BAR,HEADER QUARTER,ACTIVE,DANIEL SALDANA,2062954480,9999,UNCLASSIFIED ESTABLISHMENT,722515,SNACK AND NONALCOHOLIC BEVERAGE BARS ,"2222 CALIFORNIA AVE SW, SEATTLE, WA 98116-2112",154377,149800,,26710,"9056 18TH AVE SW, SEATTLE, WA 98106",,,,,99,0,N,08/01/2014,System.Byte[],772763,7727630684649,1257253.7700202,216614.313105822,POINT (-122.385993 47.583242)
19393030,729686,737052,2024,12/31/2024 12:00:00 AM,SANROS LLC,BRUNELLO RISTORANTE,HEADER QUARTER,ACTIVE,SANTIAGO POTENCIANO,2065274778,9999,UNCLASSIFIED ESTABLISHMENT,722515,SNACK AND NONALCOHOLIC BEVERAGE BARS ,"7115 ROOSEVELT WAY NE, SEATTLE, WA 98115",78662,70274,0.0,12199,"7115 ROOSEVELT WAY NE, SEATTLE, WA 98115",78662.0,70274.0,0.0,12199.0,99,0,N,10/01/2017,System.Byte[],823084,8230840737052,1274787.03391016,251777.210037827,POINT (-122.317711 47.68057)
19393499,705780,718070,2025,12/31/2025 12:00:00 AM,MARTINEZ ISRAEL G,COPPER TREE CAFE,HEADER QUARTER,ACTIVE,ISRAEL MARTINEZ,2064025557,9999,UNCLASSIFIED ESTABLISHMENT,722515,SNACK AND NONALCOHOLIC BEVERAGE BARS ,"2406 10TH AVE E, SEATTLE, WA 98102-4012",603612,115438,,18758,"2406 10TH AVE E, SEATTLE, WA 98102-4012",,,,,99,0,N,03/02/2017,System.Byte[],804924,8049240718070,1273973.75006932,237568.078247279,POINT (-122.319897 47.64158)
19393640,657498,683847,2022,12/31/2022 12:00:00 AM,TOUGO LLC,TOUGO,HEADER QUARTER,ACTIVE,BRIAN WELLS,2064841487,9999,UNCLASSIFIED ESTABLISHMENT,722515,SNACK AND NONALCOHOLIC BEVERAGE BARS ,"860 YESLER WAY, SEATTLE, WA 98104",149017,722735,,21388,"1410 18TH AVE, SEATTLE, WA 98122",142176.0,136439.0,0.0,20543.0,99,0,N,01/01/2014,System.Byte[],772021,7720210683847,1273425.79000476,223187.998104557,POINT (-122.320992 47.602135)
19393666,787350,785235,2023,12/31/2023 12:00:00 AM,JUICE UP LLC,JUICE UP,HEADER QUARTER,ACTIVE,MOINE ABDALLAH,2066048879,9999,UNCLASSIFIED ESTABLISHMENT,722515,SNACK AND NONALCOHOLIC BEVERAGE BARS ,"13426 GREENWOOD AVE N # 102, SEATTLE, WA 98133-7354",28139,22853,,3924,"13426 GREENWOOD AVE N # 102, SEATTLE, WA 98133-7354",,,,,99,0,N,06/01/2023,System.Byte[],868989,8689890785235,1266049.77694121,268918.055879384,POINT (-122.354548 47.727084)
19393677,593955,639101,2024,12/31/2024 12:00:00 AM,THE JUICY EATERY LLC,THE JUICY CAFE,HEADER QUARTER,ACTIVE,ABIGAIL STANSFIELD,2066826960,9999,UNCLASSIFIED ESTABLISHMENT,722515,SNACK AND NONALCOHOLIC BEVERAGE BARS ,"725 PIKE ST # 2ND FL, SEATTLE, WA 98101",266242,134915,,25798,"725 PIKE ST # 2ND FL, SEATTLE, WA 98101",,,,,99,0,N,07/01/2010,System.Byte[],729712,7297120639101,1270584.44139385,226658.319772109,POINT (-122.332781 47.611496)
19393712,779376,778606,2024,12/31/2024 12:00:00 AM,ANCHORHEAD COFFEE 12TH AVE LLC,ANCHORHEAD COFFEE,HEADER QUARTER,ACTIVE,MIKE STEINER,2069636237,9999,UNCLASSIFIED ESTABLISHMENT,722515,SNACK AND NONALCOHOLIC BEVERAGE BARS ,"1115 12TH AVE, SEATTLE, WA 98122-4415",141731,135986,,20632,"1115 12TH AVE, SEATTLE, WA 98122-4415",,,,,99,0,N,02/10/2022,System.Byte[],862647,8626470778606,1274453.12491781,226786.453148246,POINT (-122.31711 47.612053)
19393984,711682,722572,2024,12/31/2024 12:00:00 AM,MIGHTY O CORP,MIGHTY-O DONUTS,BRANCH,ACTIVE,EGAN HELMER,2065470335,9999,UNCLASSIFIED ESTABLISHMENT,722515,SNACK AND NONALCOHOLIC BEVERAGE BARS ,"1812 BOREN AVE, SEATTLE, WA 98101-1478",140879,134640,,25580,"2110 N 55TH ST, SEATTLE, WA 98103-6202",,,,,99,0,N,08/01/2017,System.Byte[],592005,5920050722572,1270828.10091409,228653.876894161,POINT (-122.331951 47.616979)
19394015,760380,762196,2024,12/31/2024 12:00:00 AM,VITA COFFEE LLC,CAFFE VITA & CAFFE FIORE,BRANCH,ACTIVE,DARIN GRANGER,3027122132,9999,UNCLASSIFIED ESTABLISHMENT,722515,SNACK AND NONALCOHOLIC BEVERAGE BARS ,"1005 E PIKE ST, SEATTLE, WA 98122-3818",141432,135585,,20438,"1005 E PIKE ST, SEATTLE, WA 98122",,,,,99,0,N,01/01/2020,System.Byte[],847042,8470420762196,1273989.92696534,227455.607964933,POINT (-122.31904 47.613863)
19394117,769909,770935,2022,12/31/2022 12:00:00 AM,BLUEBERRY CANE LLC,CITRA,HEADER QUARTER,ACTIVE,BENH KIEU,2065188306,9999,UNCLASSIFIED ESTABLISHMENT,722515,SNACK AND NONALCOHOLIC BEVERAGE BARS ,"4730 UNIVERSITY WAY NE, SEATTLE, WA 98105-4424",93301,85645,,13477,"14252 59TH AVE S, TUKWILA, WA 98168-4535",,,,,99,0,N,08/04/2021,System.Byte[],855333,8553330770935,1275851.55589524,245748.783023655,POINT (-122.312919 47.664102)
19394291,662909,687506,2023,12/31/2023 12:00:00 AM,CHERRY STREET COFFEE HOUSE LLC,CHERRY STREET COFFEE HOUSE MELROSE,BRANCH,ACTIVE,ALI GHAMBARI,2066215331,9999,UNCLASSIFIED ESTABLISHMENT,722515,SNACK AND NONALCOHOLIC BEVERAGE BARS ,"320 E PINE ST # 101, SEATTLE, WA 98122-1010",778647,627244,,20324,"103 CHERRY ST, SEATTLE, WA 98104-2205",,,,,99,0,N,11/01/2014,System.Byte[],750279,7502790687506,1271996.56120329,228038.408605531,POINT (-122.327166 47.615354)
19394639,795761,792252,2024,12/31/2024 12:00:00 AM,GREEDY KITTY LLC,GREEDY KITTY LLC,HEADER QUARTER,ACTIVE,CHENGYUAN ZHOU,4803986190,9999,UNCLASSIFIED ESTABLISHMENT,722515,SNACK AND NONALCOHOLIC BEVERAGE BARS ,"5000 UNIVERSITY WAY NE # C, SEATTLE, WA 98105-4987",93220,85529,,13358,"2519 15TH AVE S, SEATTLE, WA 98144",158666.0,153042.0,0.0,29010.0,99,0,N,05/01/2024,System.Byte[],875567,8755670792252,1275886.39211927,246085.857968003,POINT (-122.312804 47.665028)
19394839,767867,769113,2024,12/31/2024 12:00:00 AM,STARBUCKS CORPORATION,STARBUCKS COFFEE 15407,BRANCH,ACTIVE,ZHANG WEI,2063188705,9999,UNCLASSIFIED ESTABLISHMENT,722515,SNACK AND NONALCOHOLIC BEVERAGE BARS ,"442 TERRY AVE N, SEATTLE, WA 98109-5210",136854,632828,,25241,"442 TERRY AVE N, SEATTLE, WA 98109-5210",,,,,99,0,N,04/26/2021,System.Byte[],105444,1054440769113,1269822.47505707,230855.199904412,POINT (-122.336202 47.622959)
19395029,785987,784090,2024,12/31/2024 12:00:00 AM,SHIBA DESSERT LLC,COLD PLATE,HEADER QUARTER,ACTIVE,JIAYI YAO,2138801621,9999,UNCLASSIFIED ESTABLISHMENT,722515,SNACK AND NONALCOHOLIC BEVERAGE BARS ,"5240 UNIVERSITY WAY NE # B, SEATTLE, WA 98105-3537",93001,85261,,13258,"13835 NE 98TH ST, KIRKLAND, WA 98033-3880",,,,,99,0,N,04/21/2023,System.Byte[],867888,8678880784090,1275925.75007132,247027.062448964,POINT (-122.312718 47.66761)
19395246,791523,788651,2024,12/31/2024 12:00:00 AM,EMME MARION,EMME CAFE,HEADER QUARTER,ACTIVE,MARION EMME,3605728042,9999,UNCLASSIFIED ESTABLISHMENT,722515,SNACK AND NONALCOHOLIC BEVERAGE BARS ,"7001 ROOSEVELT WAY NE, SEATTLE, WA 98115-5547",78768,70386,,12221,"111 1ST AVE S, SEATTLE, WA 98104-3468",,,,,99,0,N,12/08/2023,System.Byte[],872184,8721840788651,1274796.31288616,251444.050101489,POINT (-122.317647 47.679657)
19395265,666714,690456,2023,12/31/2023 12:00:00 AM,UNWIND CAFE LLC,UNWIND CAFE,HEADER QUARTER,ACTIVE,DAVID LIVINGOOD,2063500987,9999,UNCLASSIFIED ESTABLISHMENT,722515,SNACK AND NONALCOHOLIC BEVERAGE BARS ,"1619 HARBOR AVE SW, SEATTLE, WA 98126",154057,149482,0.0,26538,"21507 117TH AVE SE, KENT, WA 98031",,,,,99,0,N,10/24/2014,System.Byte[],778374,7783740690456,1258417.42493339,218739.312020004,POINT (-122.381452 47.58913)
19395305,775279,775280,2023,12/31/2023 12:00:00 AM,DONA QUEEN DONUTS & DELI CORPORATION,DONA QUEEN DONUTS & DELI,HEADER QUARTER,ACTIVE,BOLIDA BOU,2066225127,9999,UNCLASSIFIED ESTABLISHMENT,722515,SNACK AND NONALCOHOLIC BEVERAGE BARS ,"2445 4TH AVE S # 114, SEATTLE, WA 98134-1939",158378,152812,,29041,"2445 4TH AVE S # 114, SEATTLE, WA 98134-1939",,,,,99,0,N,04/01/2022,System.Byte[],859455,8594550775280,1271097.48689838,215273.064080447,POINT (-122.329804 47.580317)
19395364,796817,793170,2024,12/31/2024 12:00:00 AM,ROAST & TOAST LLC,MIMI'S ROAST & TOAST,HEADER QUARTER,ACTIVE,FEAVEN BERHE,2063557760,9999,UNCLASSIFIED ESTABLISHMENT,722515,SNACK AND NONALCOHOLIC BEVERAGE BARS ,"4800 DELRIDGE WAY SW, SEATTLE, WA 98106-1331",612078,200974,,31750,"4800 DELRIDGE WAY SW, SEATTLE, WA 98106-1331",,,,,99,0,N,09/15/2024,System.Byte[],876447,8764470793170,1262832.77290592,207717.79290472,POINT (-122.362676 47.559163)
19395533,745294,749015,2024,12/31/2024 12:00:00 AM,CUP BY CUP LLC,UPTOWN ESPRESSO - DELRIDGE,BRANCH,ACTIVE,,2063914150,9999,UNCLASSIFIED ESTABLISHMENT,722515,SNACK AND NONALCOHOLIC BEVERAGE BARS ,"3845 DELRIDGE WAY SW, SEATTLE, WA 98106-1133",170080,163062,,27613,"5501 6TH AVE S, SEATTLE, WA 98108-2503",,,,,99,0,N,02/01/2019,System.Byte[],834037,8340370749015,1262652.24989772,211225.92193231,POINT (-122.363689 47.568769)
19395550,773692,773969,2022,12/31/2022 12:00:00 AM,ABU & SU LLC,R & B TEA,HEADER QUARTER,ACTIVE,CUC NGUYEN,7146608106,9999,UNCLASSIFIED ESTABLISHMENT,722515,SNACK AND NONALCOHOLIC BEVERAGE BARS ,"1100 NE 45TH ST # 100, SEATTLE, WA 98105-4684",93495,600261,,13581,"1100 NE 45TH ST # 100, SEATTLE, WA 98105-4684",,,,,99,0,N,03/15/2022,System.Byte[],858208,8582080773969,1275014.11461438,244845.631918728,POINT (-122.316247 47.661583)
19395865,749654,752647,2024,12/31/2024 12:00:00 AM,MACS BY DON LLC,PUFFY PANDY,HEADER QUARTER,ACTIVE,,2069922719,9999,UNCLASSIFIED ESTABLISHMENT,722515,SNACK AND NONALCOHOLIC BEVERAGE BARS ,"9828 16TH AVE SW, SEATTLE, WA 98106-2829",217509,204090,,36519,"9828 16TH AVE SW, SEATTLE, WA 98106-2829",,,,,99,0,N,07/01/2019,System.Byte[],838009,8380090752647,1264538.75537166,191456.02572006,POINT (-122.354466 47.514683)
19396003,720544,729811,2023,12/31/2023 12:00:00 AM,QUEEN LA LLC,SUGAR BAKERY,BRANCH,ACTIVE,MATTHEW WALTON,9164022982,9999,UNCLASSIFIED ESTABLISHMENT,722515,SNACK AND NONALCOHOLIC BEVERAGE BARS ,"110 REPUBLICAN ST, SEATTLE, WA 98109-4534",136606,642557,,25160,"1001 MINOR AVE # UNIT 171, SEATTLE, WA 98104-1587",,,,,99,0,N,10/21/2017,System.Byte[],801055,8010550729811,1265302.96401244,231182.952096745,POINT (-122.354551 47.623614)
19396270,634798,667800,2024,12/31/2024 12:00:00 AM,GREENWALDS LLC,GREENWALDS LLC,HEADER QUARTER,ACTIVE,ALEXANDRA GREENWALD,9416859700,9999,UNCLASSIFIED ESTABLISHMENT,722515,SNACK AND NONALCOHOLIC BEVERAGE BARS ,"1410 18TH AVE, SEATTLE, WA 98122-4126",142176,136439,,20543,"1402 S 116TH ST, SEATTLE, WA 98168",,,,,99,0,N,04/29/2013,System.Byte[],756756,7567560667800,1276536.79288794,227137.110940605,POINT (-122.308691 47.613124)
19396450,796553,792944,2024,12/31/2024 12:00:00 AM,ESR BAGEL JV LLC,RUBINSTEIN BAGELS VIA6,BRANCH,ACTIVE,ETHAN STOWELL,2065880030,9999,UNCLASSIFIED ESTABLISHMENT,722515,SNACK AND NONALCOHOLIC BEVERAGE BARS ,"1150 EASTLAKE AVE E, SEATTLE, WA 98109-4411",133551,125524,,18342,"2622 NW MARKET ST # A, SEATTLE, WA 98107-4106",,,,,99,0,N,04/22/2024,System.Byte[],851127,8511270792944,1271952.50001925,233375.921826988,POINT (-122.327765 47.629982)
19397016,565466,618134,2024,12/31/2024 12:00:00 AM,FS SEATTLE BEVERAGE LTD,FS SEATTLE BEVERAGE LTD,HEADER QUARTER,ACTIVE,SARAH COHEN,4164414288,9999,UNCLASSIFIED ESTABLISHMENT,722515,SNACK AND NONALCOHOLIC BEVERAGE BARS ,"99 UNION ST, SEATTLE, WA 98101",143778,637644,,25930,"99 UNION ST, SEATTLE, WA 98101",,,,,99,0,N,09/01/2008,System.Byte[],710167,7101670618134,1268974.8019682,225200.851098612,POINT (-122.33919 47.607415)
19397176,797203,793498,2024,12/31/2024 12:00:00 AM,PINNER ARTI E,ARTI PINNER,HEADER QUARTER,ACTIVE,ARTI PINNER,2533371805,9999,UNCLASSIFIED ESTABLISHMENT,722515,SNACK AND NONALCOHOLIC BEVERAGE BARS ,"212 ALASKAN WAY S # 203, SEATTLE, WA 98104-3464",148542,143562,,46894,"212 ALASKAN WAY S # 203, SEATTLE, WA 98104-3464",,,,,99,0,N,06/20/2024,System.Byte[],876743,8767430793498,1269917.12491317,222617.42197597,POINT (-122.335166 47.600385)
19397185,118102,106271,2024,12/31/2024 12:00:00 AM,STARBUCKS CORPORATION,STARBUCKS COFFEE  101,BRANCH,ACTIVE,ZHANG WEI,2066247930,9999,UNCLASSIFIED ESTABLISHMENT,722515,SNACK AND NONALCOHOLIC BEVERAGE BARS ,"701 5TH AVE # 1 FL, SEATTLE, WA 98104",144214,139255,0.0,26047,"PO BOX 34442, SEATTLE, WA 98124-1442",,,,,99,0,N,01/01/1989,System.Byte[],105444,1054440106271,1271043.24997032,224109.6718335,POINT (-122.33072 47.604535)
19397378,730460,737659,2024,12/31/2024 12:00:00 AM,GENERAL PORPOISE DOUGHNUTS AND COFFEE LLC,GENERAL PORPOISE LAURELHURST,BRANCH,ACTIVE,,2067999890,9999,UNCLASSIFIED ESTABLISHMENT,722515,SNACK AND NONALCOHOLIC BEVERAGE BARS ,"4520 UNION BAY PL NE, SEATTLE, WA 98105-4025",117357,602082,,13547,"3837 STONE WAY N, SEATTLE, WA 98103-8005",,,,,99,0,N,06/20/2018,System.Byte[],820076,8200760737659,1280644.19487615,245059.35710296,POINT (-122.29342 47.662464)
19397534,767871,769117,2024,12/31/2024 12:00:00 AM,STARBUCKS CORPORATION,STARBUCKS COFFEE 318,BRANCH,ACTIVE,ZHANG WEI,2063188705,9999,UNCLASSIFIED ESTABLISHMENT,722515,SNACK AND NONALCOHOLIC BEVERAGE BARS ,"2200 NW MARKET ST, SEATTLE, WA 98107-4024",82045,73955,,9819,"2200 NW MARKET ST, SEATTLE, WA 98107-4024",,,,,99,0,N,04/26/2021,System.Byte[],105444,1054440769117,1258060.68406902,247853.211057812,POINT (-122.385277 47.66891)
19397620,762726,764319,2024,12/31/2024 12:00:00 AM,MERAKI V CORP,MERAKI TEA BAR,HEADER QUARTER,ACTIVE,TONG SU,2068586906,9999,UNCLASSIFIED ESTABLISHMENT,722515,SNACK AND NONALCOHOLIC BEVERAGE BARS ,"4701 BROOKLYN AVE NE, SEATTLE, WA 98105-4410",93381,85745,,13471,"4701 BROOKLYN AVE NE, SEATTLE, WA 98105-4410",,,,,99,0,N,07/10/2020,System.Byte[],849036,8490360764319,1275447.24997483,245456.828079358,POINT (-122.314537 47.663281)
19397813,690626,707577,2025,12/31/2025 12:00:00 AM,TOKS LLC,COFFEEMIND,HEADER QUARTER,ACTIVE,SERAP TOKSOZ,2064121883,9999,UNCLASSIFIED ESTABLISHMENT,722515,SNACK AND NONALCOHOLIC BEVERAGE BARS ,"1907 10TH AVE W, SEATTLE, WA 98119-2821",126444,118170,,17548,"9435 45TH AVE SW, SEATTLE, WA 98136-2636",,,,,99,0,N,05/23/2016,System.Byte[],794828,7948280707577,1261439.56407249,235863.355045542,POINT (-122.370594 47.636232)
19397823,769615,770677,2024,12/31/2024 12:00:00 AM,WUNDERGROUND RETAIL CAP HILL LLC,WUNDERGROUND RETAIL CAP HILL,HEADER QUARTER,ACTIVE,BETTER SCIENCE LLC,2067998741,9999,UNCLASSIFIED ESTABLISHMENT,722515,SNACK AND NONALCOHOLIC BEVERAGE BARS ,"1111 E PIKE ST # 111, SEATTLE, WA 98122-3984",141695,135954,,20440,"5315 GREENWOOD AVE N, SEATTLE, WA 98103-6020",,,,,99,0,N,09/01/2021,System.Byte[],855091,8550910770677,1274358.25003771,227455.859356925,POINT (-122.317547 47.613883)
19398033,693987,709824,2024,12/31/2024 12:00:00 AM,EMB INVESTMENT GROUP LLC,VENTURE COFFEE,HEADER QUARTER,ACTIVE,JAN BECK,2063341198,9999,UNCLASSIFIED ESTABLISHMENT,722515,SNACK AND NONALCOHOLIC BEVERAGE BARS ,"5819 24TH AVE NW, SEATTLE, WA 98107-3205",80875,72529,,9618,"168 WARD ST, SEATTLE, WA 98109-3733",,,,,99,0,N,08/01/2016,System.Byte[],797004,7970040709824,1257439.14806838,248786.970034778,POINT (-122.387875 47.671435)
19398056,760375,762190,2024,12/31/2024 12:00:00 AM,VITA COFFEE LLC,CAFFE VITA & CAFFE FIORE,BRANCH,ACTIVE,DARIN GRANGER,2066323535,9999,UNCLASSIFIED ESTABLISHMENT,722515,SNACK AND NONALCOHOLIC BEVERAGE BARS ,"4301 FREMONT AVE N, SEATTLE, WA 98103-7223",97850,90061,,10817,"1005 E PIKE ST, SEATTLE, WA 98122",,,,,99,0,N,01/01/2020,System.Byte[],847042,8470420762190,1266621.52401379,244105.298093975,POINT (-122.350238 47.659105)
19398236,621323,658311,2024,12/31/2024 12:00:00 AM,MOLLY MOONS HOMEMADE ICE CREAM LLC,MOLLY MOONS HOMEMADE ICE CREAM,BRANCH,ACTIVE,DAVID LLOPIS,2063240753,9999,UNCLASSIFIED ESTABLISHMENT,722515,SNACK AND NONALCOHOLIC BEVERAGE BARS ,"1408 34TH AVE, SEATTLE, WA 98122-3334",147585,142541,,20580,"1122 E PIKE ST # 1448, SEATTLE, WA 98122-3916",,,,,99,0,N,08/25/2011,System.Byte[],706878,7068780658311,1281370.18502089,227039.613084495,POINT (-122.289091 47.613109)
19398273,703245,716221,2024,12/31/2024 12:00:00 AM,TEJAS COFFEE INC,URBAN COFFEE HOUSE,HEADER QUARTER,ACTIVE,ANDREW HIRSCH,2064200222,9999,UNCLASSIFIED ESTABLISHMENT,722515,SNACK AND NONALCOHOLIC BEVERAGE BARS ,"1900 4TH AVE, SEATTLE, WA 98101-1107",140631,134210,,25765,"1900 4TH AVE, SEATTLE, WA 98101-1107",,,,,99,0,N,10/16/2016,System.Byte[],803125,8031250716221,1269121.99992035,227114.687388584,POINT (-122.338745 47.612669)
19398281,717418,727236,2024,12/31/2024 12:00:00 AM,JAMIL JORDAN LLC,LADYBUG ESPRESSO,BRANCH,ACTIVE,ASSAD BARAGZAI,2068520642,9999,UNCLASSIFIED ESTABLISHMENT,722515,SNACK AND NONALCOHOLIC BEVERAGE BARS ,"1132 S ALBRO PL, SEATTLE, WA 98108-2718",192534,183483,,32372,"PO BOX 1050, AUBURN, WA 98071-1050",,,,,99,0,N,08/01/2017,System.Byte[],773299,7732990727236,1273968.88683732,202698.664323583,POINT (-122.31719 47.546003)
19398513,788637,786264,2025,12/31/2025 12:00:00 AM,MIGHTY MUGS LLC,MIGHTY MUGS LLC,HEADER QUARTER,ACTIVE,JENESSA PETTIT,2067796941,9999,UNCLASSIFIED ESTABLISHMENT,722515,SNACK AND NONALCOHOLIC BEVERAGE BARS ,"6720 W MARGINAL WAY SW, SEATTLE, WA 98106-1930",602822,439451,,32544,"35817 56TH AVE S, AUBURN, WA 98001-9136",,,,,99,0,N,11/01/2021,System.Byte[],869942,8699420786264,1267559.24996676,201156.437378004,POINT (-122.343015 47.541434)
19398554,759960,761814,2025,12/31/2025 12:00:00 AM,HESTA LLC,RABBIT RABBIT TEA,HEADER QUARTER,ACTIVE,CHIEN YU YEH,4259613039,9999,UNCLASSIFIED ESTABLISHMENT,722515,SNACK AND NONALCOHOLIC BEVERAGE BARS ,"518 1ST AVE N, SEATTLE, WA 98109-4522",136605,128683,,25157,"2100 NW HARVEST PL # E331, ISSAQUAH, WA 98109",,,,,99,0,N,03/01/2020,System.Byte[],846686,8466860761814,1265138.45790027,231268.243872836,POINT (-122.355225 47.623839)
19398560,760556,762344,2025,12/31/2025 12:00:00 AM,TEA KING LLC,TEA KING,HEADER QUARTER,ACTIVE,KOURTNEY LI,2063352942,9999,UNCLASSIFIED ESTABLISHMENT,722515,SNACK AND NONALCOHOLIC BEVERAGE BARS ,"1600 DEXTER AVE N # 202, SEATTLE, WA 98109-3079",128824,120722,,17828,"530 STRANDER BLVD, TUKWILA, WA 98188-2921",,,,,99,0,N,03/01/2020,System.Byte[],847177,8471770762344,1268455.07895967,234630.761892274,POINT (-122.342046 47.633234)
19398747,573838,624584,2024,12/31/2024 12:00:00 AM,EMPIRE ESPRESSO LLC,EMPIRE ESPRESSO LLC,HEADER QUARTER,ACTIVE,MARGOT ARELLANO,2066230511,9999,UNCLASSIFIED ESTABLISHMENT,722515,SNACK AND NONALCOHOLIC BEVERAGE BARS ,"3829 S EDMUNDS ST # A, SEATTLE, WA 98118",180728,172519,,30683,"3829 S EDMUNDS ST # A, SEATTLE, WA 98118",,,,,99,0,N,06/01/2009,System.Byte[],716143,7161430624584,1282213.91980575,207062.664328039,POINT (-122.284144 47.558396)
19398766,745289,749010,2024,12/31/2024 12:00:00 AM,CUP BY CUP LLC,UPTOWN ESPRESSO BELLTOWN,BRANCH,ACTIVE,,2063914150,9999,UNCLASSIFIED ESTABLISHMENT,722515,SNACK AND NONALCOHOLIC BEVERAGE BARS ,"2504 4TH AVE, SEATTLE, WA 98121-1418",402448,438850,,25544,"5501 6TH AVE S, SEATTLE, WA 98108-2503",,,,,99,0,N,02/01/2019,System.Byte[],834037,8340370749010,1267304.55582249,228753.685662255,POINT (-122.346243 47.617064)
19398776,745293,749014,2024,12/31/2024 12:00:00 AM,CUP BY CUP LLC,UPTOWN ESPRESSO - MCGRAW,BRANCH,ACTIVE,,2063914150,9999,UNCLASSIFIED ESTABLISHMENT,722515,SNACK AND NONALCOHOLIC BEVERAGE BARS ,"3223 W MCGRAW ST, SEATTLE, WA 98199-3207",124684,116565,,17103,"3223 W MCGRAW ST, SEATTLE, WA 98199-3207",,,,,99,0,N,02/01/2019,System.Byte[],834037,8340370749014,1254363.15702523,237161.18698287,POINT (-122.399397 47.639398)
19398941,678464,699089,2024,12/31/2024 12:00:00 AM,STARBUCKS CORPORATION,STARBUCKS COFFEE 25577,BRANCH,ACTIVE,ZHANG WEI,2063184994,9999,UNCLASSIFIED ESTABLISHMENT,722515,SNACK AND NONALCOHOLIC BEVERAGE BARS ,"2011 7TH AVE # R2, SEATTLE, WA 98121-2601",645597,455269,,25626,"PO BOX 34442, SEATTLE, WA 98124-1442",,,,,99,0,N,09/30/2015,System.Byte[],105444,1054440699089,1269307.50801654,227991.184029475,POINT (-122.338063 47.615081)
19399043,576583,626418,2024,12/31/2024 12:00:00 AM,ZOKA COFFEE COMPANY LLC,ZOKA COFFEE COMPANY LLC,BRANCH,ACTIVE,JEFFREY BABCOCK,2062175519,9999,UNCLASSIFIED ESTABLISHMENT,722515,SNACK AND NONALCOHOLIC BEVERAGE BARS ,"2200 N 56TH ST, SEATTLE, WA 98103",86004,78105,0.0,9897,"2200 N 56TH ST, SEATTLE, WA 98103",86004.0,78105.0,0.0,9897.0,99,0,N,01/07/2009,System.Byte[],717775,7177750626418,1271022.2789623,247576.80811353,POINT (-122.332659 47.668857)
19399144,780402,779419,2024,12/31/2024 12:00:00 AM,COPPERS LLC,SUNRIGHT TEA STUDIO U DISTRICT,HEADER QUARTER,ACTIVE,HUA LIANG,7146866606,9999,UNCLASSIFIED ESTABLISHMENT,722515,SNACK AND NONALCOHOLIC BEVERAGE BARS ,"4545 ROOSEVELT WAY NE # 103, SEATTLE, WA 98105-4721",712520,454047,,13576,"4545 ROOSEVELT WAY NE # 103, SEATTLE, WA 98105-4721",,,,,99,0,N,08/10/2022,System.Byte[],863419,8634190779419,1274637.874998,245079.921838969,POINT (-122.317792 47.662205)
19399524,685029,703588,2024,12/31/2024 12:00:00 AM,JPK CORP,CAFFE LADRO,BRANCH,ACTIVE,KERI D'ANGELO,2069069334,9999,UNCLASSIFIED ESTABLISHMENT,722515,SNACK AND NONALCOHOLIC BEVERAGE BARS ,"400 FAIRVIEW AVE N # 101, SEATTLE, WA 98109-5370",137197,129587,,25245,"501 2ND AVE W # 200, SEATTLE, WA 98119-3983",,,,,99,0,N,01/18/2016,System.Byte[],168875,1688750703588,1270386.36804965,230680.546976224,POINT (-122.333902 47.622511)
19399811,784773,783082,2023,12/31/2023 12:00:00 AM,YENLOI CORPORATION,R & B TEA DOWNTOWN SEATTLE,HEADER QUARTER,ACTIVE,CATHERINE LY,2063102667,9999,UNCLASSIFIED ESTABLISHMENT,722515,SNACK AND NONALCOHOLIC BEVERAGE BARS ,"1629 6TH AVE, SEATTLE, WA 98101-1707",140627,134194,,25771,"1629 6TH AVE, SEATTLE, WA 98101-1707",,,,,99,0,N,03/15/2023,System.Byte[],866921,8669210783082,1269637.70091288,227126.424988598,POINT (-122.336656 47.612729)
19400064,732515,739202,2025,12/31/2025 12:00:00 AM,RAISED DOUGHNUTS LLC,RAISED DOUGHNUTS,HEADER QUARTER,ACTIVE,,3608882453,9999,UNCLASSIFIED ESTABLISHMENT,722515,SNACK AND NONALCOHOLIC BEVERAGE BARS ,"2301 E UNION ST # L, SEATTLE, WA 98122-2978",142205,136492,,20556,"2301 E UNION ST # L, SEATTLE, WA 98122-2978",,,,,99,0,N,07/01/2018,System.Byte[],825147,8251470739202,1278080.90399352,226939.990940407,POINT (-122.302417 47.612665)
19400117,710736,721843,2024,12/31/2024 12:00:00 AM,SWEET ALCHEMY ICE CREAMERY INC,SWEET ALCHEMY ICE CREAMERY INC,HEADER QUARTER,ACTIVE,LOIS KO,2066320243,9999,UNCLASSIFIED ESTABLISHMENT,722515,SNACK AND NONALCOHOLIC BEVERAGE BARS ,"4301 UNIVERSITY WAY NE, SEATTLE, WA 98105-5808",100538,93011,,13704,"4301 UNIVERSITY WAY NE, SEATTLE, WA 98105",100538.0,93011.0,0.0,13704.0,99,0,N,02/11/2016,System.Byte[],808551,8085510721843,1275680.82002306,244251.963054121,POINT (-122.313495 47.659991)
19400151,759958,761812,2025,12/31/2025 12:00:00 AM,KJS KOFFEE LLC,KJS KOFFEE LLC,HEADER QUARTER,ACTIVE,KJELSEY SCHMIDT,2064197339,9999,UNCLASSIFIED ESTABLISHMENT,722515,SNACK AND NONALCOHOLIC BEVERAGE BARS ,"12303 15TH AVE NE, SEATTLE, WA 98125-4819",38543,31888,,6206,"2619 NW 96TH ST, SEATTLE, WA 98117-2550",,,,,99,0,N,06/01/2020,System.Byte[],846684,8466840761812,1276177.34405558,265316.780995697,POINT (-122.313124 47.717755)
19400179,766488,767828,2024,12/31/2024 12:00:00 AM,URL LLC,URL,HEADER QUARTER,ACTIVE,YOUNGMOON SONG,8652032682,9999,UNCLASSIFIED ESTABLISHMENT,722515,SNACK AND NONALCOHOLIC BEVERAGE BARS ,"524 BROADWAY, SEATTLE, WA 98122-7301",144641,139411,,21051,"524 BROADWAY, SEATTLE, WA 98122-7301",,,,,99,0,N,02/22/2021,System.Byte[],852360,8523600767828,1273617.60773295,224858.550426275,POINT (-122.320346 47.606725)
19400182,622671,659287,2024,12/31/2024 12:00:00 AM,STORYVILLE SEATTLE PIKE PLACE LLC,STORYVILLE COFFEE COMPANY,HEADER QUARTER,ACTIVE,KRISTIAN ROSENTRATER,8883233348,9999,UNCLASSIFIED ESTABLISHMENT,722515,SNACK AND NONALCOHOLIC BEVERAGE BARS ,"94 PIKE ST # 34, SEATTLE, WA 98101",143736,138280,,25901,"9459 COPPERTOP LOOP NE, BAINBRIDGE ISLAND, WA 98110",,,,,99,0,N,05/15/2012,System.Byte[],748685,7486850659287,1268656.99998388,225768.6562832,POINT (-122.340523 47.608955)
19400231,755368,757696,2022,12/31/2022 12:00:00 AM,KIM TAM GROUP LLC,BAMBU DESSERTS & DRINKS,HEADER QUARTER,ACTIVE,DOANH DANG,2065656853,9999,UNCLASSIFIED ESTABLISHMENT,722515,SNACK AND NONALCOHOLIC BEVERAGE BARS ,"516 7TH AVE S, SEATTLE, WA 98104",148793,144343,0.0,26288,"9408 40TH AVE NE, SEATTLE, WA 98115-3717",,,,,99,0,N,12/01/2019,System.Byte[],842850,8428500757696,1272852.15902817,221616.017046943,POINT (-122.323194 47.597796)
19400418,673966,695790,2024,12/31/2024 12:00:00 AM,TAGLE & PARTNERS LLC,THE BEEHIVE ESPRESSO,HEADER QUARTER,ACTIVE,ALAN TAGLE,2064033395,9999,UNCLASSIFIED ESTABLISHMENT,722515,SNACK AND NONALCOHOLIC BEVERAGE BARS ,"9796  HOLMAN RD NW #, SEATTLE, WA 98117-2043",48072,40768,,4921,"711  OLYMPIC AVE  #, EDMONDS, WA 98020-2959",,,,,99,0,N,05/26/2015,System.Byte[],783489,7834890695790,1263906.07287501,259544.618941784,POINT (-122.3625 47.701276)
19400431,760382,762198,2024,12/31/2024 12:00:00 AM,VITA COFFEE LLC,CAFFE VITA & CAFFE FIORE,BRANCH,ACTIVE,DARIN GRANGER,2067210111,9999,UNCLASSIFIED ESTABLISHMENT,722515,SNACK AND NONALCOHOLIC BEVERAGE BARS ,"5028 WILSON AVE S, SEATTLE, WA 98118-2085",181274,173031,,30970,"1005 E PIKE ST, SEATTLE, WA 98122",,,,,99,0,N,01/01/2020,System.Byte[],847042,8470420762198,1285679.7499533,206106.390663072,POINT (-122.270038 47.555953)
19400483,746568,750044,2024,12/31/2024 12:00:00 AM,KREMA & CO LLC,KREMA & CO,BRANCH,ACTIVE,ALEV SEYMEN,8777387696,9999,UNCLASSIFIED ESTABLISHMENT,722515,SNACK AND NONALCOHOLIC BEVERAGE BARS ,"7212 GREENWOOD AVE N, SEATTLE, WA 98103-5040",77175,68685,,8619,"2425 33RD AVE W # B, SEATTLE, WA 98199-3255",,,,,99,0,N,01/01/2019,System.Byte[],835405,8354050750044,1265596.76394874,252326.452918395,POINT (-122.355056 47.681583)
19400500,740002,744762,2023,12/31/2023 12:00:00 AM,MOLLY MOONS HOMEMADE ICE CREAM LLC,MOLLY MOON'S HOMEMADE ICE CREAM,BRANCH,ACTIVE,DAVID LLOPIS,2064197073,9999,UNCLASSIFIED ESTABLISHMENT,722515,SNACK AND NONALCOHOLIC BEVERAGE BARS ,"4822 RAINIER AVE S, SEATTLE, WA 98118",180200,427140,,30676,"4822 RAINIER AVE S, SEATTLE, WA 98118",,,,,99,0,N,01/01/2018,System.Byte[],706878,7068780744762,1281766.29996529,207229.820040211,POINT (-122.28597 47.558831)
19401234,752713,755381,2024,12/31/2024 12:00:00 AM,GUNWOO & JINAH INC,LITTLE CONEY,HEADER QUARTER,ACTIVE,,8089271572,9999,UNCLASSIFIED ESTABLISHMENT,722515,SNACK AND NONALCOHOLIC BEVERAGE BARS ,"8003 SEAVIEW AVE NW, SEATTLE, WA 98117-6040",62666,54282,,8430,"8003 SEAVIEW AVE NW, SEATTLE, WA 98117-6040",,,,,99,0,N,09/01/2019,System.Byte[],840616,8406160755381,1253781.83196864,254396.931000516,POINT (-122.403181 47.686608)
19401290,118106,106275,2024,12/31/2024 12:00:00 AM,STARBUCKS CORPORATION,STARBUCKS COFFEE   314,BRANCH,ACTIVE,ZHANG WEI,2065456945,9999,UNCLASSIFIED ESTABLISHMENT,722515,SNACK AND NONALCOHOLIC BEVERAGE BARS ,"2135 QUEEN ANNE AVE N, SEATTLE, WA 98119",127066,118790,0.0,17445,"PO BOX 34442, SEATTLE, WA 98124-1442",,,,,99,0,N,04/29/1989,System.Byte[],105444,1054440106275,1264740.62493986,236518.359462202,POINT (-122.35726 47.638208)
19401444,750126,753058,2024,12/31/2024 12:00:00 AM,JOE & THE JUICE NEW YORK LLC,JOE & THE JUICE,HEADER QUARTER,ACTIVE,,4698775976,9999,UNCLASSIFIED ESTABLISHMENT,722515,SNACK AND NONALCOHOLIC BEVERAGE BARS ,"2118 7TH AVE, SEATTLE, WA 98121-5118",140486,745323,,25592,"110 GREENE ST STE 702, NEW YORK, NY 10012-3838",,,,,99,0,N,07/08/2019,System.Byte[],838394,8383940753058,1269080.2440163,228438.132125929,POINT (-122.339019 47.616294)
19402129,748337,751486,2022,12/31/2022 12:00:00 AM,PLUMMER ZOE,ZOES LEMONADE,HEADER QUARTER,ACTIVE,,2069724761,9999,UNCLASSIFIED ESTABLISHMENT,722515,SNACK AND NONALCOHOLIC BEVERAGE BARS ,"6025 LANHAM PL SW # 211, SEATTLE, WA 98126-2976",608275,605373,,46072,"6025 LANHAM PL SW # 211, SEATTLE, WA 98126-2976",,,,,99,0,N,06/01/2019,System.Byte[],836903,8369030751486,1260008.07607102,203455.222404346,POINT (-122.373768 47.547325)
19402317,643985,673571,2024,12/31/2024 12:00:00 AM,DOUGHNUT CORPORATION OF AMERICA INC,TOP POT DOUGHNUTS,BRANCH,ACTIVE,MARK KLEBECK,2064543767,9999,UNCLASSIFIED ESTABLISHMENT,722515,SNACK AND NONALCOHOLIC BEVERAGE BARS ,"1416 NW 46TH ST # 102, SEATTLE, WA 98107-4622",782986,81411,,10453,"401 BAKER BLVD, TUKWILA, WA 98188-2906",,,,,99,0,N,07/24/2012,System.Byte[],596258,5962580673571,1260552.61418357,245431.590319335,POINT (-122.374968 47.66241)
19402687,118094,106263,2024,12/31/2024 12:00:00 AM,STARBUCKS CORPORATION,STARBUCKS COFFEE   301,HEADER QUARTER,ACTIVE,ZHANG WEI,2066247930,9999,UNCLASSIFIED ESTABLISHMENT,722515,SNACK AND NONALCOHOLIC BEVERAGE BARS ,"1912 PIKE PL, SEATTLE, WA 98101",143686,138036,0.0,25863,"PO BOX 34442, SEATTLE, WA 98124-1442",,,,,99,0,N,01/01/1989,System.Byte[],105444,1054440106263,1268176.36715138,226210.260635659,POINT (-122.342506 47.610139)
19403273,766162,767511,2024,12/31/2024 12:00:00 AM,LEVY PREMIUM FOODSERVICE LP,LEVY RESTAURANTS,BRANCH,ACTIVE,ROBERT ELLIS,3126648200,9999,UNCLASSIFIED ESTABLISHMENT,722515,SNACK AND NONALCOHOLIC BEVERAGE BARS ,"800 OCCIDENTAL AVE S, SEATTLE, WA 98134",152039,600087,0.0,26334,"2400 YORKMONT RD, CHARLOTTE, NC 28217-4511",,,,,99,0,N,08/01/2020,System.Byte[],585947,5859470767511,1270763.40894604,220796.247958109,POINT (-122.331593 47.595438)
19403278,793558,790392,2024,12/31/2024 12:00:00 AM,LUNE CAFE LLC,LUNE CAFE,HEADER QUARTER,ACTIVE,KARRAR HASHEM,2067014080,9999,UNCLASSIFIED ESTABLISHMENT,722515,SNACK AND NONALCOHOLIC BEVERAGE BARS ,"107 1ST AVE S, SEATTLE, WA 98104-2501",148522,143506,,26169,"107 1ST AVE S, SEATTLE, WA 98104-2501",,,,,99,0,N,01/01/2023,System.Byte[],873828,8738280790392,1270068.62494531,223018.750104383,POINT (-122.334584 47.601493)
19403794,773700,773977,2022,12/31/2022 12:00:00 AM,HTB INVESTMENT LLC,R & B TEA,HEADER QUARTER,ACTIVE,DANG DUY BAO NGO,9162252802,9999,UNCLASSIFIED ESTABLISHMENT,722515,SNACK AND NONALCOHOLIC BEVERAGE BARS ,"1629 6TH AVE, SEATTLE, WA 98101-1707",140627,134194,,25771,"1629 6TH AVE, SEATTLE, WA 98101-1707",,,,,99,0,N,03/01/2022,System.Byte[],858214,8582140773977,1269637.70091288,227126.424988598,POINT (-122.336656 47.612729)
19403813,795223,791793,2024,12/31/2024 12:00:00 AM,VIET TEA LOUNGE LLC,LA CA LOUNGE,HEADER QUARTER,ACTIVE,BICH TRAM NGUYEN,2068196759,9999,UNCLASSIFIED ESTABLISHMENT,722515,SNACK AND NONALCOHOLIC BEVERAGE BARS ,"6015 PHINNEY AVE N # 1, SEATTLE, WA 98103-5577",264659,76501,,9498,"9827 18TH AVE SW, SEATTLE, WA 98106",,,,,99,0,N,04/01/2024,System.Byte[],875120,8751200791793,1265608.18922876,249148.043699145,POINT (-122.354754 47.672872)
19403972,796878,793218,2024,12/31/2024 12:00:00 AM,THE GUILT TRIP,THE GUILT TRIP,HEADER QUARTER,ACTIVE,ABHISHEK MAKKAR,2066785688,9999,UNCLASSIFIED ESTABLISHMENT,722515,SNACK AND NONALCOHOLIC BEVERAGE BARS ,"1525 13TH AVE, SEATTLE, WA 98122-3911",141374,135431,,20441,"2812 183RD AVE NE, REDMOND, WA 98052-5925",,,,,99,0,N,06/25/2024,System.Byte[],876485,8764850793218,1274772.20101413,227829.190045312,POINT (-122.315898 47.614928)
19404127,771828,772489,2024,12/31/2024 12:00:00 AM,BLACK COFFEE NORTHWEST,BLACK COFFEE NORTHWEST,HEADER QUARTER,ACTIVE,ERWIN WEARY,2063348475,9999,UNCLASSIFIED ESTABLISHMENT,722515,SNACK AND NONALCOHOLIC BEVERAGE BARS ,"2300 S JACKSON ST, SEATTLE, WA 98144-2369",149826,145615,,21594,"2300 S JACKSON ST, SEATTLE, WA 98144-2369",,,,,99,0,N,07/01/2021,System.Byte[],856812,8568120772489,1278166.54904962,222214.682007566,POINT (-122.301704 47.599717)
19404414,792241,789235,2024,12/31/2024 12:00:00 AM,JUNIPER TEA LLC,XING FU TANG WA,HEADER QUARTER,ACTIVE,CHAOWEN YU,2064553684,9999,UNCLASSIFIED ESTABLISHMENT,722515,SNACK AND NONALCOHOLIC BEVERAGE BARS ,"1905 4TH AVE, SEATTLE, WA 98101-1106",140656,134287,,25765,"408 165TH AVE SE, BELLEVUE, WA 98008-4728",,,,,99,0,N,01/01/2024,System.Byte[],872720,8727200789235,1268929.91697615,226931.524508387,POINT (-122.339509 47.612157)
19404651,752730,755397,2024,12/31/2024 12:00:00 AM,THE MOO BAR INC,THE MOO BAR,HEADER QUARTER,ACTIVE,,4698888228,9999,UNCLASSIFIED ESTABLISHMENT,722515,SNACK AND NONALCOHOLIC BEVERAGE BARS ,"2124 WESTLAKE AVE, SEATTLE, WA 98121-2717",140455,133809,,25556,"2124 WESTLAKE AVE, SEATTLE, WA 98121-2717",,,,,99,0,N,10/15/2017,System.Byte[],840631,8406310755397,1269342.24952057,228858.989982367,POINT (-122.337991 47.617462)
19404706,767869,769115,2024,12/31/2024 12:00:00 AM,STARBUCKS CORPORATION,STARBUCKS COFFEE 20088,BRANCH,ACTIVE,ZHANG WEI,2063188705,9999,UNCLASSIFIED ESTABLISHMENT,722515,SNACK AND NONALCOHOLIC BEVERAGE BARS ,"2617 NE 46TH ST, SEATTLE, WA 98105-5041",644003,654084,,13557,"2617 NE 46TH ST, SEATTLE, WA 98105-5041",,,,,99,0,N,04/26/2021,System.Byte[],105444,1054440769115,1279201.01100267,244747.347118631,POINT (-122.299252 47.661533)
19404858,796151,792595,2024,12/31/2024 12:00:00 AM,SUIKA STANDARD LLC,HEYTEA SOUTH LAKE UNION,HEADER QUARTER,ACTIVE,ZEHAO LI,8058864259,9999,UNCLASSIFIED ESTABLISHMENT,722515,SNACK AND NONALCOHOLIC BEVERAGE BARS ,"910 JOHN ST # 100, SEATTLE, WA 98109-5213",137049,692055,,25354,"521 154TH AVE NE, BELLEVUE, WA 98007-5039",,,,,99,0,N,08/01/2024,System.Byte[],875896,8758960792595,1269015.21361624,229799.173535332,POINT (-122.339391 47.620021)
19404957,696902,711914,2025,12/31/2025 12:00:00 AM,COFFEE TREE OF SEATTLE INC,COFFEE TREE,HEADER QUARTER,ACTIVE,RYAN LEE,2133005566,9999,UNCLASSIFIED ESTABLISHMENT,722515,SNACK AND NONALCOHOLIC BEVERAGE BARS ,"905 8TH AVE, SEATTLE, WA 98104-1220",631726,631124,,20991,"905 8TH AVE, SEATTLE, WA 98104-1220",,,,,99,0,N,09/15/2016,System.Byte[],799010,7990100711914,1271702.20395499,225114.816922531,POINT (-122.328129 47.607325)
19405039,772181,772779,2023,12/31/2023 12:00:00 AM,SEATTLE MEETEA CAFE LLC,MEETEA CAFE,HEADER QUARTER,ACTIVE,KANDI LOU,2067470806,9999,UNCLASSIFIED ESTABLISHMENT,722515,SNACK AND NONALCOHOLIC BEVERAGE BARS ,"1424 11TH AVE # F, SEATTLE, WA 98122-4272",777021,135615,,20527,"5919 124TH CRT NE, KIRKLAND, WA 98122",,,,,99,0,N,10/01/2020,System.Byte[],857091,8570910772779,1274306.68523766,227375.626652852,POINT (-122.31775 47.61366)
19405063,773399,773719,2024,12/31/2024 12:00:00 AM,VALENTINAS CAFE LLC,VALENTINA'S COFFEE HOUSE,HEADER QUARTER,ACTIVE,DAVID OROZCO,2067656868,9999,UNCLASSIFIED ESTABLISHMENT,722515,SNACK AND NONALCOHOLIC BEVERAGE BARS ,"5405 LEARY AVE NW # A, SEATTLE, WA 98107-4079",88370,80512,,9999,"304 MAIN AVE S STE 104, RENTON, WA 98057-2758",,,,,99,0,N,10/01/2020,System.Byte[],857962,8579620773719,1258656.99997364,247100.546993047,POINT (-122.382796 47.66688)
19405262,576571,626416,2024,12/31/2024 12:00:00 AM,ZOKA COFFEE COMPANY LLC,ZOKA COFFEE COMPANY LLC,HEADER QUARTER,ACTIVE,JEFFREY BABCOCK,2062175519,9999,UNCLASSIFIED ESTABLISHMENT,722515,SNACK AND NONALCOHOLIC BEVERAGE BARS ,"2901 NE BLAKELEY # 1A, SEATTLE, WA 98105",117159,109093,,13357,"2901 NE BLAKELEY # 1A, SEATTLE, WA 98105",,,,,99,0,N,01/07/2009,System.Byte[],717775,7177750626416,1279777.71705127,246299.165872231,POINT (-122.297031 47.665817)
19405355,748754,751857,2024,12/31/2024 12:00:00 AM,DF UNIVERSITY INC,DONUT FACTORY,HEADER QUARTER,ACTIVE,,4259239206,9999,UNCLASSIFIED ESTABLISHMENT,722515,SNACK AND NONALCOHOLIC BEVERAGE BARS ,"4336 ROOSEVELT WAY NE # F, SEATTLE, WA 98105-4764",100482,92919,,13697,"4336 ROOSEVELT WAY NE # F, SEATTLE, WA 98105-4764",,,,,99,0,N,05/01/2019,System.Byte[],837270,8372700751857,1274720.29496609,244626.124974504,POINT (-122.317422 47.660965)
19405438,744604,748480,2024,12/31/2024 12:00:00 AM,CUP BY CUP LLC,UPTOWN ESPRESSO- 5501 6TH,HEADER QUARTER,ACTIVE,,2063914150,9999,UNCLASSIFIED ESTABLISHMENT,722515,SNACK AND NONALCOHOLIC BEVERAGE BARS ,"5501 6TH AVE S # 1, SEATTLE, WA 98108-2503",185155,176706,,31935,"3223 W MCGRAW ST, SEATTLE, WA 98199-3207",,,,,99,0,N,02/01/2019,System.Byte[],834037,8340370748480,1271513.6829948,205306.80512625,POINT (-122.327334 47.553022)
19405614,798179,794323,2024,12/31/2024 12:00:00 AM,MOCHI UV LLC,MOCHINUT,HEADER QUARTER,ACTIVE,YICHU WANG,6073795669,9999,UNCLASSIFIED ESTABLISHMENT,722515,SNACK AND NONALCOHOLIC BEVERAGE BARS ,"4609 VILLAGE NE, SEATTLE, WA 98105-5030",604063,641277,,13554,"7241 185TH AVE NE, REDMOND, WA 98073-3801",,,,,99,0,N,12/21/2023,System.Byte[],877531,8775310794323,1279138.62508261,244905.2499668,POINT (-122.299517 47.661963)
19405804,706373,718459,2022,12/31/2022 12:00:00 AM,GHOST NOTE LLC,GHOST NOTE COFFEE,HEADER QUARTER,ACTIVE,CHRISTOS ANDREWS,7753134599,9999,UNCLASSIFIED ESTABLISHMENT,722515,SNACK AND NONALCOHOLIC BEVERAGE BARS ,"1623 BELLEVUE AVE, SEATTLE, WA 98122-2001",140926,134706,,20323,"1623 BELLEVUE AVE, SEATTLE, WA 98122",,,,,99,0,N,02/01/2017,System.Byte[],805289,8052890718459,1272003.60094731,228249.478045747,POINT (-122.327154 47.615933)
19406083,717419,727237,2024,12/31/2024 12:00:00 AM,JAMIL JORDAN LLC,LADYBUG ESPRESSO,BRANCH,ACTIVE,ASSAD BARAGZAI,2068520642,9999,UNCLASSIFIED ESTABLISHMENT,722515,SNACK AND NONALCOHOLIC BEVERAGE BARS ,"8902 14TH AVE S, SEATTLE, WA 98108-4812",211727,199314,,33969,"PO BOX 1050, AUBURN, WA 98071-1050",,,,,99,0,N,08/01/2017,System.Byte[],773299,7732990727237,1274453.09010181,194514.590075195,POINT (-122.314592 47.523597)
19406679,783630,782132,2024,12/31/2024 12:00:00 AM,AROSA CAFE LLC,AROSA CAFE,HEADER QUARTER,ACTIVE,ADRIANA HURTADO,2063028077,9999,UNCLASSIFIED ESTABLISHMENT,722515,SNACK AND NONALCOHOLIC BEVERAGE BARS ,"3121 E MADISON ST # 101, SEATTLE, WA 98112-4238",135413,127448,,19553,"3121 E MADISON ST # 101, SEATTLE, WA 98112",135413.0,127448.0,0.0,19553.0,99,0,N,10/01/2022,System.Byte[],866001,8660010782132,1280851.58226836,231818.410145402,POINT (-122.291561 47.626181)
19406712,652817,680569,2024,12/31/2024 12:00:00 AM,CAFFE UMBRIA INC,CAFFE UMBRIA,BRANCH,ACTIVE,JESSE SWEENEY,2067625300,9999,UNCLASSIFIED ESTABLISHMENT,722515,SNACK AND NONALCOHOLIC BEVERAGE BARS ,"5407 BALLARD AVE NW, SEATTLE, WA 98107-4052",88331,80457,,9940,"8620 16TH AVE S, SEATTLE, WA 98108-4816",,,,,99,0,N,06/01/2014,System.Byte[],547961,5479610680569,1258133.89290109,247341.270961285,POINT (-122.384938 47.667511)
19406727,778091,777538,2024,12/31/2024 12:00:00 AM,NORTH 30CT LLC,MEET FRESH,HEADER QUARTER,ACTIVE,RUOCHEN YIN,2068608552,9999,UNCLASSIFIED ESTABLISHMENT,722515,SNACK AND NONALCOHOLIC BEVERAGE BARS ,"221 5TH AVE S, SEATTLE, WA 98104-2610",759371,756439,,26203,"221 5TH AVE S, SEATTLE, WA 98104-2610",,,,,99,0,N,09/15/2022,System.Byte[],861631,8616310777538,1271709.24062701,222582.021527931,POINT (-122.327901 47.600383)
19406770,793897,790679,2024,12/31/2024 12:00:00 AM,SWEET YOU LLC,SWEET YOU LLC,HEADER QUARTER,ACTIVE,MINGFENG LEI,2068608552,9999,UNCLASSIFIED ESTABLISHMENT,722515,SNACK AND NONALCOHOLIC BEVERAGE BARS ,"509 BROADWAY E, SEATTLE, WA 98102-5023",631967,130290,,19736,"509 BROADWAY E, SEATTLE, WA 98102-5023",,,,,99,0,N,04/01/2024,System.Byte[],874098,8740980790679,1273499.08050083,230979.799200535,POINT (-122.321306 47.623496)
19406958,601207,644270,2024,12/31/2024 12:00:00 AM,JULIES COFFEE LLC,REALFINE COFFEE,HEADER QUARTER,ACTIVE,JULIE MIERZWIAK,2068528434,9999,UNCLASSIFIED ESTABLISHMENT,722515,SNACK AND NONALCOHOLIC BEVERAGE BARS ,"4480 FAUNTLEROY WAY SW # 200, SEATTLE, WA 98126-4436",166427,159871,,27857,"2743 48TH AVE SW, SEATTLE, WA 98116-2901",,,,,99,0,N,02/03/2011,System.Byte[],734518,7345180644270,1259008.78826199,209316.396682352,POINT (-122.37829 47.563335)
19407022,758426,760490,2023,12/31/2023 12:00:00 AM,YAN TEA LLC,YAN TEA LLC,HEADER QUARTER,ACTIVE,YAN ZHANG,4254105913,9999,UNCLASSIFIED ESTABLISHMENT,722515,SNACK AND NONALCOHOLIC BEVERAGE BARS ,"5210 ROOSEVELT WAY NE # A, SEATTLE, WA 98105-3634",93092,85372,,13251,"5210 ROOSEVELT WAY NE # A, SEATTLE, WA 98105-3634",,,,,99,0,N,01/01/2020,System.Byte[],845420,8454200760490,1274829.8870302,246751.549872681,POINT (-122.317143 47.666797)
19407043,792720,789655,2024,12/31/2024 12:00:00 AM,T PLUS J INVESTMENT LLC,BOBER TEA & MOCHI DOUGH,HEADER QUARTER,ACTIVE,XIAOBING XU,4252095668,9999,UNCLASSIFIED ESTABLISHMENT,722515,SNACK AND NONALCOHOLIC BEVERAGE BARS ,"605 BROADWAY E, SEATTLE, WA 98102-5025",137595,130181,,19658,"605 BROADWAY E, SEATTLE, WA 98102-5025",,,,,99,0,N,05/01/2024,System.Byte[],873115,8731150789655,1273521.69989285,231330.549920902,POINT (-122.321242 47.624459)
19407488,785138,783405,2023,12/31/2023 12:00:00 AM,PETUSH LAUREN,SASSY SQUATCH COFFEE,HEADER QUARTER,ACTIVE,LAUREN PETUSH,9077381060,9999,UNCLASSIFIED ESTABLISHMENT,722515,SNACK AND NONALCOHOLIC BEVERAGE BARS ,"4435 35TH AVE SW, SEATTLE, WA 98126-2893",166233,629851,,27919,"4435 35TH AVE SW, SEATTLE, WA 98126-2893",,,,,99,0,N,03/25/2023,System.Byte[],867243,8672430783405,1259478.76202248,209364.327050403,POINT (-122.37639 47.563492)
19407625,769439,770522,2024,12/31/2024 12:00:00 AM,SOHO COFFEE COMPANY LLC,BROADCAST COFFEE,BRANCH,ACTIVE,BARRY FAUGHT,2063220807,9999,UNCLASSIFIED ESTABLISHMENT,722515,SNACK AND NONALCOHOLIC BEVERAGE BARS ,"6515 ROOSEVELT WAY NE, SEATTLE, WA 98115-6626",79076,449314,,12460,"2524 S JACKSON ST # UNIT 101, SEATTLE, WA 98144",,,,,99,0,N,04/01/2021,System.Byte[],711990,7119900770522,1274793.10495016,250217.536948234,POINT (-122.317564 47.676295)
19407795,792097,789116,2024,12/31/2024 12:00:00 AM,DO TRUNG Q,LIL HOUSE OF DONUTS,HEADER QUARTER,ACTIVE,TRUNG DO,4079066789,9999,UNCLASSIFIED ESTABLISHMENT,722515,SNACK AND NONALCOHOLIC BEVERAGE BARS ,"800 OCCIDENTAL AVE S, SEATTLE, WA 98134-1200",152039,600087,,26334,"3401 EVANSTON AVE N, SEATTLE, WA 98103-8677",,,,,99,0,N,01/01/2024,System.Byte[],872615,8726150789116,1270763.40894604,220796.247958109,POINT (-122.331593 47.595438)
19407852,732766,739404,2024,12/31/2024 12:00:00 AM,ABSEAT LLC,RED BEAN COFFEE,HEADER QUARTER,ACTIVE,,2065572651,9999,UNCLASSIFIED ESTABLISHMENT,722515,SNACK AND NONALCOHOLIC BEVERAGE BARS ,"4518 UNIVERSITY WAY NE, SEATTLE, WA 98105-4530",93443,85837,,13586,"12727 RENTON AVE S, SEATTLE, WA 98178-4847",,,,,99,0,N,07/02/2018,System.Byte[],825346,8253460739404,1275867.12504725,244937.203118831,POINT (-122.312793 47.661879)
19408216,795646,792157,2024,12/31/2024 12:00:00 AM,BLACK STASH COFFEE ROASTERS,BLACK STASH COFFEE ROASTERS,HEADER QUARTER,ACTIVE,AMAR BHATT,7145951579,9999,UNCLASSIFIED ESTABLISHMENT,722515,SNACK AND NONALCOHOLIC BEVERAGE BARS ,"9429B 18TH AVE SW, SEATTLE, WA 98106-2717",461723,469701,,34297,"9429B 18TH AVE SW, SEATTLE, WA 98106-2717",,,,,99,0,N,05/29/2024,System.Byte[],875475,8754750792157,1263589.04273069,192826.417785466,POINT (-122.358418 47.518388)
19408441,761008,623713,2024,12/31/2024 12:00:00 AM,FAINTING GOAT CREAMERY INC,FAINTING GOAT CREAMERY INC,HEADER QUARTER,ACTIVE,SEVIM ATAMAN,4252206856,9999,UNCLASSIFIED ESTABLISHMENT,722515,SNACK AND NONALCOHOLIC BEVERAGE BARS ,"2210 N 45TH ST, SEATTLE, WA 98103-6904",628332,85105,,10623,"2210 N 45TH ST, SEATTLE, WA 98103-6904",,,,,99,0,N,03/09/2020,System.Byte[],715374,7153740623713,1271139.50110641,244903.6100308,POINT (-122.331972 47.661536)
19408511,531028,592601,2024,12/31/2024 12:00:00 AM,LEVY PREMIUM FOODSERVICE LP,WOODLAND PARK ZOO,HEADER QUARTER,ACTIVE,ROBERT ELLIS,3126648200,9999,UNCLASSIFIED ESTABLISHMENT,722515,SNACK AND NONALCOHOLIC BEVERAGE BARS ,"5500 PHINNEY AVE N, SEATTLE, WA 98103",90370,82556,0.0,9886,"2400 YORKMONT RD, CHARLOTTE, NC 28217-4511",,,,,99,0,N,03/15/2006,System.Byte[],585947,5859470592601,1265839.513901,247560.154033512,POINT (-122.353688 47.668532)
19409133,567973,620041,2024,12/31/2024 12:00:00 AM,SOHO COFFEE COMPANY LLC,SOHO COFFEE COMPANY,HEADER QUARTER,ACTIVE,BARRY FAUGHT,2063220807,9999,UNCLASSIFIED ESTABLISHMENT,722515,SNACK AND NONALCOHOLIC BEVERAGE BARS ,"1918 E YESLER WAY # A, SEATTLE, WA 98122-5883",149786,145590,,21415,"2524 S JACKSON ST # UNIT 101, SEATTLE, WA 98144",,,,,99,0,N,10/01/2008,System.Byte[],711990,7119900620041,1276960.87506437,223021.593752384,POINT (-122.306653 47.601866)
19409142,784115,782556,2024,12/31/2024 12:00:00 AM,COMEBUYTEA CH LLC,COMEBUYTEA,HEADER QUARTER,ACTIVE,SEUNG LEE,4254440100,9999,UNCLASSIFIED ESTABLISHMENT,722515,SNACK AND NONALCOHOLIC BEVERAGE BARS ,"824 E PIKE ST, SEATTLE, WA 98122-3815",141415,135530,,20434,"11900 NE 1ST ST STE 300, BELLEVUE, WA 98005-3049",,,,,99,0,N,02/01/2023,System.Byte[],866407,8664070782556,1273508.20510884,227608.429981083,POINT (-122.321005 47.614256)
19409250,769475,770556,2022,12/31/2022 12:00:00 AM,SEATTLE CANDY COMPANY LLC,SEATTLE CANDY COMPANY,HEADER QUARTER,ACTIVE,ROSEANA TRUJILLO,2068670786,9999,UNCLASSIFIED ESTABLISHMENT,722515,SNACK AND NONALCOHOLIC BEVERAGE BARS ,"2324 BONAIR PL SW # 22, SEATTLE, WA 98116-1843",171637,164512,,26712,"2324 BONAIR PL SW # 22, SEATTLE, WA 98116-1843",,,,,99,0,N,09/15/2021,System.Byte[],854971,8549710770556,1253528.38992038,216480.263057694,POINT (-122.401074 47.582667)
19409253,596794,641189,2024,12/31/2024 12:00:00 AM,KAFFEEKLATSCH LLC,KAFFEEKLATSCH,HEADER QUARTER,ACTIVE,BRIAN HENSLEY,2062909229,9999,UNCLASSIFIED ESTABLISHMENT,722515,SNACK AND NONALCOHOLIC BEVERAGE BARS ,"12513 LAKE CITY WAY NE # H, SEATTLE, WA 98125-3464",35034,29127,,6145,"13033 28TH AVE NE, SEATTLE, WA 98125-4347",,,,,99,0,N,12/01/2010,System.Byte[],731685,7316850641189,1280533.71602803,265915.729092315,POINT (-122.295476 47.719625)
19409301,794575,791273,2024,12/31/2024 12:00:00 AM,MODERNE BAKERY LLC,MODERNE BAKERY,HEADER QUARTER,ACTIVE,QUYNH VU-AGBAYANI,5094337251,9999,UNCLASSIFIED ESTABLISHMENT,722515,SNACK AND NONALCOHOLIC BEVERAGE BARS ,"165 S MAIN ST, SEATTLE, WA 98104-2571",148721,468138,,26194,"5114 POINT FOSDICK DR, GIG HARBOR, WA 98335-1733",,,,,99,0,N,03/17/2024,System.Byte[],874668,8746680791273,1270576.24990584,222324.140695676,POINT (-122.332472 47.599616)
19409692,782818,781403,2024,12/31/2024 12:00:00 AM,LAVA HOOKAH LOUNGE LLC,LAVA HOOKAH LOUNGE,HEADER QUARTER,ACTIVE,YONAS TESFASELASSIE,2065499648,9999,UNCLASSIFIED ESTABLISHMENT,722515,SNACK AND NONALCOHOLIC BEVERAGE BARS ,"9891 AURORA AVE N, SEATTLE, WA 98103-3224",48977,41644,,4958,"3605 NE 155TH ST APT H10, LAKE FOREST PARK, WA 98155-7457",,,,,99,0,N,02/01/2023,System.Byte[],865301,8653010781403,1268181.95230338,259368.820413604,POINT (-122.345124 47.701026)
19410022,730905,737983,2023,12/31/2023 12:00:00 AM,Y CHO LLC,CAFE ANCLAIR,HEADER QUARTER,ACTIVE,SUNG HO CHO,2062092222,9999,UNCLASSIFIED ESTABLISHMENT,722515,SNACK AND NONALCOHOLIC BEVERAGE BARS ,"826 THOMAS ST, SEATTLE, WA 98109",675198,674136,,25297,"3210 73RD AVE SE, MERCER ISLANND, WA 98040",,,,,99,0,N,01/18/2018,System.Byte[],823978,8239780737983,1268874.37496009,230159.250079691,POINT (-122.339991 47.621001)
19410028,767249,768535,2024,12/31/2024 12:00:00 AM,YOUNG TEA WALLINGFORD LLC,YOUNG TEA,HEADER QUARTER,ACTIVE,CHUAN-EN KING,4258298791,9999,UNCLASSIFIED ESTABLISHMENT,722515,SNACK AND NONALCOHOLIC BEVERAGE BARS ,"2110 N 45TH ST, SEATTLE, WA 98103-6902",92818,85065,,10621,"2110 N 45TH ST, SEATTLE, WA 98103-6902",,,,,99,0,N,07/01/2021,System.Byte[],853027,8530270768535,1270867.09995414,244928.228014827,POINT (-122.333079 47.661589)
19410513,691937,708458,2024,12/31/2024 12:00:00 AM,SOUND & FOG LLC,SOUND & FOG,HEADER QUARTER,ACTIVE,JUSTIN KREBS,2064848959,9999,UNCLASSIFIED ESTABLISHMENT,722515,SNACK AND NONALCOHOLIC BEVERAGE BARS ,"4735 40TH AVE SW, SEATTLE, WA 98116-4501",176867,169278,,28016,"4735 40TH AVE SW, SEATTLE, WA 98116-4501",,,,,99,0,N,06/22/2016,System.Byte[],795680,7956800708458,1257769.46512473,208038.612873048,POINT (-122.383204 47.559765)
19410563,574922,625299,2024,12/31/2024 12:00:00 AM,FULL TILT COLUMBIA CITY,FULL TILT COLUMBIA CITY,HEADER QUARTER,ACTIVE,LENORE SHARP,2068603566,9999,UNCLASSIFIED ESTABLISHMENT,722515,SNACK AND NONALCOHOLIC BEVERAGE BARS ,"5101 RAINIER AVE S # 105, SEATTLE, WA 98118",180476,172291,,30944,"4255 S SPENCER ST, SEATTLE, WA 98118-2731",,,,,99,0,N,06/01/2009,System.Byte[],716749,7167490625299,1282250.71007779,206180.729991138,POINT (-122.283928 47.555981)
19410736,799125,795100,2024,12/31/2024 12:00:00 AM,YALLA LLC,HAYATI,BRANCH,ACTIVE,TAYLOR CHENEY,2533762874,9999,UNCLASSIFIED ESTABLISHMENT,722515,SNACK AND NONALCOHOLIC BEVERAGE BARS ,"532 QUEEN ANNE AVE N, SEATTLE, WA 98109-4520",136315,128286,,25155,"1615 BELMONT AVE # 603, SEATTLE, WA 98122-2328",,,,,99,0,N,09/11/2024,System.Byte[],833262,8332620795100,1264846.49988396,231444.171937019,POINT (-122.356423 47.624305)
19410837,601600,644531,2025,12/31/2025 12:00:00 AM,NINE ELMS INC,MILSTEAD & COMPANY,HEADER QUARTER,ACTIVE,ANDREW MILSTEAD,2069926296,9999,UNCLASSIFIED ESTABLISHMENT,722515,SNACK AND NONALCOHOLIC BEVERAGE BARS ,"754 N 34TH ST, SEATTLE, WA 98103-8801",106665,426914,,11467,"754 N 34TH ST, SEATTLE, WA 98103-8801",,,,,99,0,N,04/01/2011,System.Byte[],734771,7347710644531,1267005.32791819,240640.82090643,POINT (-122.348405 47.64963)
19411064,761470,763121,2025,12/31/2025 12:00:00 AM,TYRANNO LLC,HAPPY LEMON,HEADER QUARTER,ACTIVE,RUI LI,4256774162,9999,UNCLASSIFIED ESTABLISHMENT,722515,SNACK AND NONALCOHOLIC BEVERAGE BARS ,"2245 8TH AVE # R1-1A, SEATTLE, WA 98121-1905",140451,746261,,25522,"6513 132ND AVE NE # 344, KIRKLAND, WA 98033",,,,,99,0,N,05/20/2020,System.Byte[],847898,8478980763121,1268794.32196802,228872.597918376,POINT (-122.340213 47.61747)
19411066,647947,676831,2024,12/31/2024 12:00:00 AM,MOLLY MOONS HOMEMADE ICE CREAM LLC,MOLLY MOONS HOMEMADE ICE CREAM,BRANCH,ACTIVE,DAVID LLOPIS,2067087947,9999,UNCLASSIFIED ESTABLISHMENT,722515,SNACK AND NONALCOHOLIC BEVERAGE BARS ,"2615 NE 46TH ST, SEATTLE, WA 98105-5041",644003,654083,,13557,"1122 E PIKE ST # 1448, SEATTLE, WA 98122",,,,,99,0,N,11/08/2013,System.Byte[],706878,7068780676831,1279201.01100267,244747.347118631,POINT (-122.299252 47.661533)
19411068,696309,711501,2022,12/31/2022 12:00:00 AM,KONVENE LLC,KONVENE COFFEE,HEADER QUARTER,ACTIVE,RENEE BROWN,2064379909,9999,UNCLASSIFIED ESTABLISHMENT,722515,SNACK AND NONALCOHOLIC BEVERAGE BARS ,"500 MERCER ST # 202, SEATTLE, WA 98109-4654",604393,128650,,25106,"15560 WESTMINSTER WAY N # APT 220, SHORELINE, WA 98133-5935",,,,,99,0,N,10/15/2016,System.Byte[],798627,7986270711501,1267106.25003028,231554.796961129,POINT (-122.34727 47.624731)
19411069,773745,774013,2022,12/31/2022 12:00:00 AM,FRANCHINA INVESTMENTS LLC,CELINE PATISSERIE,HEADER QUARTER,ACTIVE,MATTHEW FRANK,2063352883,9999,UNCLASSIFIED ESTABLISHMENT,722515,SNACK AND NONALCOHOLIC BEVERAGE BARS ,"6801 GREENWOOD AVE N # 113A, SEATTLE, WA 98103-5268",76432,67908,,8876,"3802 47TH AVE NE, SEATTLE, WA 98105-5221",,,,,99,0,N,01/03/2022,System.Byte[],858244,8582440774013,1265434.73002857,251344.519093394,POINT (-122.355634 47.678883)
19411070,648341,677125,2021,12/31/2021 12:00:00 AM,TRIPOD COFFEE LLC,TRIPOD COFFEE LLC,HEADER QUARTER,ACTIVE,GERALD DOTSON,2062266744,9999,UNCLASSIFIED ESTABLISHMENT,722515,SNACK AND NONALCOHOLIC BEVERAGE BARS ,"5401 17TH AVE NW, SEATTLE, WA 98107-3818",88723,80821,,9956,"1752 NW MARKET ST # 508, SEATTLE, WA 98107-5264",,,,,99,0,N,01/03/2014,System.Byte[],765637,7656370677125,1259579.09687057,247414.606513366,POINT (-122.37908 47.667791)
19411473,760815,762544,2025,12/31/2025 12:00:00 AM,MGPAQ LLC,MIDNIGHT COOKIE COMPANY,HEADER QUARTER,ACTIVE,PAUL QUINN,2065953149,9999,UNCLASSIFIED ESTABLISHMENT,722515,SNACK AND NONALCOHOLIC BEVERAGE BARS ,"1058 N 39TH ST, SEATTLE, WA 98103-7921",106808,99164,,11227,"607 SE EVERETT MALL WAY STE 8, EVERETT, WA 98208-3210",,,,,99,0,N,03/01/2020,System.Byte[],847361,8473610762544,1268044.13495925,242244.478892073,POINT (-122.344319 47.654081)
19411646,773843,651343,2024,12/31/2024 12:00:00 AM,EQUAL EXCHANGE INC,EQUAL EXCHANGE,HEADER QUARTER,ACTIVE,ROBERT EVERTS,2067834955,9999,UNCLASSIFIED ESTABLISHMENT,722515,SNACK AND NONALCOHOLIC BEVERAGE BARS ,"14101 AURORA AVE N # A, SEATTLE, WA 98133",27903,22612,0.0,3735,"50 UNITED DR, WEST BRIDGEWATER, MA 02379",,,,,99,0,N,02/01/2021,System.Byte[],741191,7411910651343,1267994.8739032,270353.663944855,POINT (-122.346761 47.731125)
19411648,729178,736670,2024,12/31/2024 12:00:00 AM,FRANKIE AND JOS BALLARD LLC,FRANKIE & JOS,HEADER QUARTER,ACTIVE,,2066506409,9999,UNCLASSIFIED ESTABLISHMENT,722515,SNACK AND NONALCOHOLIC BEVERAGE BARS ,"1411 NW 70TH ST, SEATTLE, WA 98117-5340",75229,66676,,8741,"1411 NW 70TH ST, SEATTLE, WA 98117-5340",,,,,99,0,N,03/01/2018,System.Byte[],822716,8227160736670,1260713.75107974,251630.430901676,POINT (-122.374818 47.679409)
19411650,562745,616250,2024,12/31/2024 12:00:00 AM,STARBUCKS CORPORATION,STARBUCKS COFFEE   14247,BRANCH,ACTIVE,ZHANG WEI,2063183188,9999,UNCLASSIFIED ESTABLISHMENT,722515,SNACK AND NONALCOHOLIC BEVERAGE BARS ,"4115 4TH AVE S, SEATTLE, WA 98134",628713,160045,,47101,"PO BOX 34442, SEATTLE, WA 98124",,,,,99,0,N,06/27/2008,System.Byte[],105444,1054440616250,1270973.11493024,210289.966987357,POINT (-122.329915 47.566652)
19411651,766568,767904,2021,12/31/2021 12:00:00 AM,NATURAL SWEET PALACE LLC,NATURAL SWEET PALACE,HEADER QUARTER,ACTIVE,JENNIFER J SILVA,2067123922,9999,UNCLASSIFIED ESTABLISHMENT,722515,SNACK AND NONALCOHOLIC BEVERAGE BARS ,"1833 BROADWAY, SEATTLE, WA 98122-2415",138212,131083,,20153,"25908 27TH PL S APT R304, KENT, WA 98032-8966",,,,,99,0,N,03/19/2021,System.Byte[],852436,8524360767904,1273527.36978085,229176.66652669,POINT (-122.32105 47.618556)
19411652,793105,789998,2024,12/31/2024 12:00:00 AM,"OLIKAI, LLC",BOTTEGA GELATO,HEADER QUARTER,ACTIVE,KATHY CHOI,4258693670,9999,UNCLASSIFIED ESTABLISHMENT,722515,SNACK AND NONALCOHOLIC BEVERAGE BARS ,"1425 1ST AVE, SEATTLE, WA 98101-2017",143748,138393,,25927,"34400 PACIFIC HWY S, FEDERAL WAY, WA 98003-7830",,,,,99,0,N,04/01/2024,System.Byte[],873444,8734440789998,1268740.43908796,225599.436443031,POINT (-122.340172 47.608495)
19411653,790622,787887,2024,12/31/2024 12:00:00 AM,KOHITECTURE,KOHITECTURE,HEADER QUARTER,ACTIVE,HEYWOOD CHAN,2068908800,9999,UNCLASSIFIED ESTABLISHMENT,722515,SNACK AND NONALCOHOLIC BEVERAGE BARS ,"510 BROADWAY, SEATTLE, WA 98122-5679",755836,139432,,21051,"1539A 13TH AVE S, SEATTLE, WA 98144-3407",,,,,99,0,N,12/01/2023,System.Byte[],871475,8714750787887,1273603.87666094,224794.019226208,POINT (-122.320396 47.606547)
19411655,778182,777619,2024,12/31/2024 12:00:00 AM,HAPPY TEA INC,HAPPY TEA,HEADER QUARTER,ACTIVE,ZHANG HUI,2064023935,9999,UNCLASSIFIED ESTABLISHMENT,722515,SNACK AND NONALCOHOLIC BEVERAGE BARS ,"14314 GREENWOOD AVE N # 2, SEATTLE, WA 98133-6879",27726,22507,,3662,"14314 GREENWOOD AVE N # 2, SEATTLE, WA 98133-6879",,,,,99,0,N,01/04/2022,System.Byte[],861711,8617110777619,1265961.27799711,271031.222985551,POINT (-122.355078 47.732872)
19411656,688941,706376,2024,12/31/2024 12:00:00 AM,DAIGER COFFEE COMPANY LLC,DAIGER COFFEE CO LLC,HEADER QUARTER,ACTIVE,SCOTT DAIGER,2066504890,9999,UNCLASSIFIED ESTABLISHMENT,722515,SNACK AND NONALCOHOLIC BEVERAGE BARS ,"1417 NW 54TH ST, SEATTLE, WA 98107-3742",88841,80937,,9927,"2350 MAGNOLIA BLVD W, SEATTLE, WA 98199-3813",,,,,99,0,N,05/15/2016,System.Byte[],793685,7936850706376,1260708.96208774,247347.148977295,POINT (-122.374489 47.667669)
19411658,118106,106275,2024,12/31/2024 12:00:00 AM,STARBUCKS CORPORATION,STARBUCKS COFFEE   314,BRANCH,ACTIVE,ZHANG WEI,2062853711,9999,UNCLASSIFIED ESTABLISHMENT,722515,SNACK AND NONALCOHOLIC BEVERAGE BARS ,"2135 QUEEN ANNE AVE N, SEATTLE, WA 98119",127066,118790,0.0,17445,"PO BOX 34442, SEATTLE, WA 98124-1442",,,,,99,0,N,04/29/1989,System.Byte[],105444,1054440106275,1264740.62493986,236518.359462202,POINT (-122.35726 47.638208)
19411662,697038,712014,2024,12/31/2024 12:00:00 AM,CAFE RED LLC,CAFE RED,HEADER QUARTER,ACTIVE,HALEY WILLIAMS,3302120873,9999,UNCLASSIFIED ESTABLISHMENT,722515,SNACK AND NONALCOHOLIC BEVERAGE BARS ,"7148 MARTIN LUTHER KING JR WAY S, SEATTLE, WA 98118-3522",603397,189420,,47538,"7148 MARTIN LUTHER KING JR WAY S, SEATTLE, WA 98118-3522",,,,,99,0,N,10/01/2016,System.Byte[],799108,7991080712014,1282854.33478241,199442.15411225,POINT (-122.280971 47.537541)
19411674,643909,673516,2024,12/31/2024 12:00:00 AM,THE JUICY EATERY LLC,THE JUICY CAFE,BRANCH,ACTIVE,ABIGAIL STANSFIELD,2066826960,9999,UNCLASSIFIED ESTABLISHMENT,722515,SNACK AND NONALCOHOLIC BEVERAGE BARS ,"701 5TH AVE # 201, SEATTLE, WA 98104",144214,139255,,26047,"725 PIKE ST # 2ND FL, SEATTLE, WA 98101",,,,,99,0,N,11/01/2013,System.Byte[],729712,7297120673516,1271043.24997032,224109.6718335,POINT (-122.33072 47.604535)
19411675,701870,715189,2023,12/31/2023 12:00:00 AM,BENAROYA HONOR COFFEE LLC,BENAROYA HONOR COFFEE,HEADER QUARTER,ACTIVE,LIMENG HOU,4252958786,9999,UNCLASSIFIED ESTABLISHMENT,722515,SNACK AND NONALCOHOLIC BEVERAGE BARS ,"200 UNIVERSITY ST, SEATTLE, WA 98101-3428",143882,138774,,25945,"11011 NE 9TH ST, BELLEVUE, WA 98004-8800",,,,,99,0,N,01/01/2017,System.Byte[],802154,8021540715189,1269476.44548871,225382.408858806,POINT (-122.337171 47.60794)
19411811,678427,699059,2021,12/31/2021 12:00:00 AM,DREAM & ACHIEVE LLC,DREAM & ACHIEVE LLC,HEADER QUARTER,ACTIVE,DAVID LIGGINS,2063956586,9999,UNCLASSIFIED ESTABLISHMENT,722515,SNACK AND NONALCOHOLIC BEVERAGE BARS ,"6334A 34TH AVE SW, SEATTLE, WA 98126-3148",618390,618199,,32370,"6334A 34TH AVE SW, SEATTLE, WA 98126-3148",,,,,99,0,N,08/12/2015,System.Byte[],786642,7866420699059,1259737.85808674,202807.755907685,POINT (-122.374809 47.545536)
19411888,736200,741947,2024,12/31/2024 12:00:00 AM,ADAS DISCOVERY LLC,ADAS DISCOVERY CAFE,HEADER QUARTER,ACTIVE,,2069414010,9999,UNCLASSIFIED ESTABLISHMENT,722515,SNACK AND NONALCOHOLIC BEVERAGE BARS ,"800 E THOMAS ST, SEATTLE, WA 98102-5895",137955,130720,,19871,"425 15TH AVE E, SEATTLE, WA 98112-4504",,,,,99,0,N,04/04/2018,System.Byte[],827772,8277720741947,1273381.88011672,230165.265055701,POINT (-122.321717 47.621258)
19411961,767598,768850,2024,12/31/2024 12:00:00 AM,MA & POPS LLC,MA & POPS LLC,HEADER QUARTER,ACTIVE,TARIQ SAHALI,2065694976,9999,UNCLASSIFIED ESTABLISHMENT,722515,SNACK AND NONALCOHOLIC BEVERAGE BARS ,"13005 64TH AVE S # A103, SEATTLE, WA 98178-4630",244150,223398,,40266,"13005 64TH AVE S # A103, SEATTLE, WA 98178-4630",,,,,99,0,N,05/30/2021,System.Byte[],853336,8533360768850,1288989.68096469,180832.282221183,POINT (-122.254745 47.486845)
19411963,790540,787808,2023,12/31/2023 12:00:00 AM,JALINA LLC,CAFE HASLLA,HEADER QUARTER,ACTIVE,HYUNKYONG HA,4255022633,9999,UNCLASSIFIED ESTABLISHMENT,722515,SNACK AND NONALCOHOLIC BEVERAGE BARS ,"530 BROADWAY, SEATTLE, WA 98122-5329",144641,139414,,21051,"530 BROADWAY, SEATTLE, WA 98122-5329",,,,,99,0,N,10/12/2023,System.Byte[],871401,8714010787808,1273617.60773295,224858.550426275,POINT (-122.320346 47.606725)
19411964,790141,787476,2024,12/31/2024 12:00:00 AM,FUEL COFFEE LLC,FUEL COFFEE,BRANCH,ACTIVE,DANIELLE CONE,4256691107,9999,UNCLASSIFIED ESTABLISHMENT,722515,SNACK AND NONALCOHOLIC BEVERAGE BARS ,"321 BROADWAY E, SEATTLE, WA 98102-5466",137904,130652,,19870,"425 15TH AVE E, SEATTLE, WA 98112-4504",,,,,99,0,N,10/01/2023,System.Byte[],598530,5985300787476,1273477.0970128,230311.518879846,POINT (-122.321343 47.621664)
19411965,703879,716703,2024,12/31/2024 12:00:00 AM,SEATTLE SUNSHINE COFFEE LLC,SEATTLE SUNSHINE COFFEE LLC,HEADER QUARTER,ACTIVE,SUHYEN HA,2064986210,9999,UNCLASSIFIED ESTABLISHMENT,722515,SNACK AND NONALCOHOLIC BEVERAGE BARS ,"5508 35TH AVE NE # 108, SEATTLE, WA 98105-2300",116266,108201,,13150,"264 E NEWTON ST # D, SEATTLE, WA 98102-3618",,,,,99,0,N,06/01/2016,System.Byte[],803591,8035910716703,1281555.65599708,247378.197937325,POINT (-122.2899 47.668867)
19411967,704104,716891,2024,12/31/2024 12:00:00 AM,CERES ROASTING COMPANY LLC,KORNMAN OF WA,HEADER QUARTER,ACTIVE,KAREN BAINBRIDGE,2066190499,9999,UNCLASSIFIED ESTABLISHMENT,722515,SNACK AND NONALCOHOLIC BEVERAGE BARS ,"305 HARRISON ST, SEATTLE, WA 98109-4623",136629,128698,,25219,"PO BOX 387, RENTON, WA 98057-0387",,,,,99,0,N,01/01/2017,System.Byte[],803778,8037780716891,1266197.67607735,230361.8469439,POINT (-122.350858 47.621412)
19411968,621324,658312,2024,12/31/2024 12:00:00 AM,MOLLY MOONS HOMEMADE ICE CREAM LLC,MOLLY MOONS HOMEMADE ICE CREAM,BRANCH,ACTIVE,DAVID LLOPIS,2064578854,9999,UNCLASSIFIED ESTABLISHMENT,722515,SNACK AND NONALCOHOLIC BEVERAGE BARS ,"321 W GALER ST, SEATTLE, WA 98119-3333",131999,428731,,17877,"1122 E PIKE ST # 1448, SEATTLE, WA 98122-3916",,,,,99,0,N,09/15/2011,System.Byte[],706878,7068780658312,1263641.79306674,234337.299875975,POINT (-122.36154 47.63217)
19411977,779913,779043,2024,12/31/2024 12:00:00 AM,MIXT CAFE LLC,MIXT CAFE,HEADER QUARTER,ACTIVE,KASEY ACOB,2066982902,9999,UNCLASSIFIED ESTABLISHMENT,722515,SNACK AND NONALCOHOLIC BEVERAGE BARS ,"603 3RD AVE W # 304, SEATTLE, WA 98119-3896",136293,128249,,18480,"413 NE 70TH ST # 402, SEATTLE, WA 98115-5487",,,,,99,0,N,10/29/2021,System.Byte[],863071,8630710779043,1263700.15210679,231636.620961204,POINT (-122.361086 47.62477)
19412185,694065,709873,2025,12/31/2025 12:00:00 AM,COFFEE TREE & POKE INC,COFFEE TREE & POKE,HEADER QUARTER,ACTIVE,RYAN LEE,2133005566,9999,UNCLASSIFIED ESTABLISHMENT,722515,SNACK AND NONALCOHOLIC BEVERAGE BARS ,"613 9TH AVE, SEATTLE, WA 98104-2005",144058,139059,,21114,"613 9TH AVE, SEATTLE, WA 98104",144058.0,139059.0,0.0,21114.0,99,0,N,06/20/2016,System.Byte[],797047,7970470709873,1272365.37297967,224592.575897992,POINT (-122.3254 47.605929)
19412314,764584,766008,2024,12/31/2024 12:00:00 AM,JORAM LLC,JORAM LLC,HEADER QUARTER,ACTIVE,JOHN ATHANASSIOUS,2532931757,9999,UNCLASSIFIED ESTABLISHMENT,722515,SNACK AND NONALCOHOLIC BEVERAGE BARS ,"2502 5TH AVE, SEATTLE, WA 98121-1516",136727,128851,,25512,"2502 5TH AVE, SEATTLE, WA 98121-1516",,,,,99,0,N,01/01/2019,System.Byte[],850621,8506210766008,1267557.29003075,229012.344990522,POINT (-122.345239 47.617786)
19412547,775939,775788,2025,12/31/2025 12:00:00 AM,PIKE STREET COFFEE,PIKE STREET COFFEE,HEADER QUARTER,ACTIVE,SEAN BROWN,4254426032,9999,UNCLASSIFIED ESTABLISHMENT,722515,SNACK AND NONALCOHOLIC BEVERAGE BARS ,"1501 WESTERN AVE # 300, SEATTLE, WA 98101-1570",143753,138363,,25908,"1501 WESTERN AVE # 300, SEATTLE, WA 98101-1570",,,,,99,0,N,05/01/2022,System.Byte[],859947,8599470775788,1268393.87499161,225556.640666977,POINT (-122.341573 47.608359)
